ประทับเวลา,คะแนน,เพศ,อายุตอนเข้ามหาลัยครั้งแรก,1.เหตุผลการลาออกจากมหาลัยครั้งล่าสุด,2.คณะที่ศึกษา,3.คุณเข้ามหาลัยรอบใด,4.ความรู้สึกยากในคณะที่ศึกษา,5.ความสุขในการเรียนระดับมหาวิทยาลัย,6.ประเภทโรงเรียนที่จบการศึกษา,7.สายการเรียนระดับมัธยมปลาย,8.เกรดเฉลี่ยรวมมัธยมปลาย(GPA),9.วิชาที่ถนัดที่สุด,10.วิชาที่ไม่ถนัดที่สุด,11.อาชีพผู้ปกครอง,12.รายได้รวมของผู้ปกครอง(ต่อเดือน),13.รายได้ตนเองตอนอยู่มหาลัย(ต่อเดือน),14.จำนวนพี่น้องที่กำลังศึกษาอยู่(รวมตัวคุณด้วย),15.คุณเคยกู้ยืมเงินกองทุนการศึกษาหรือไม่
"12/3/2021, 22:42:17",,ชาย,18,ไม่เคย,คณะวิทยาศาสตร์,รับตรงร่วมกัน,3,4,โรงเรียนรัฐบาล,วิทย์-คณิต,2.51 - 3.00,คณิตศาสตร์,วิทยาศาสตร์,ธุรกิจส่วนตัว,"30,000 - 70,000 บาท","10,000 - 30,000 บาท",1,ไม่เคย
"14/3/2021, 14:15:46",,ชาย,18,ไม่เคย,คณะวิทยาศาสตร์,Admission,4,4,โรงเรียนสาธิต,วิทย์-คณิต,3.01 - 3.50,คณิตศาสตร์,สังคมศึกษา,ธุรกิจส่วนตัว,"30,000 - 70,000 บาท","10,000 - 30,000 บาท",1,ไม่เคย
"14/3/2021, 19:03:41",,ชาย,20,ไม่เคย,คณะบริหารธุรกิจและการบัญชี,อื่นๆ,5,4,โรงเรียนรัฐบาล,ศิลป์,2.00 - 2.50,อื่นๆ,ภาษาอังกฤษ,ข้าราชการ,"30,000 - 70,000 บาท","10,000 - 30,000 บาท",3,ไม่เคย
"14/3/2021, 19:04:05",,ชาย,18,ไม่เคย,คณะวิทยาศาสตร์,โควต้า,4,3,โรงเรียนรัฐบาล,วิทย์-คณิต,3.01 - 3.50,คณิตศาสตร์,สังคมศึกษา,พนักงานบริษัท,"30,000 - 70,000 บาท","น้อยกว่า 10,000 บาท",1,ไม่เคย
"14/3/2021, 19:05:28",,ชาย,19,ไม่เคย,คณะวิทยาศาสตร์,รับตรงร่วมกัน,4,4,โรงเรียนสาธิต,วิทย์-คณิต,2.51 - 3.00,คณิตศาสตร์,ภาษาอังกฤษ,พนักงานบริษัท,"30,000 - 70,000 บาท","น้อยกว่า 10,000 บาท",1,ไม่เคย
"14/3/2021, 19:10:05",,หญิง,18,ลาออกด้วยความสมัครใจ(ซิ่ว),คณะเภสัชศาสตร์,รับตรงร่วมกัน,5,1,โรงเรียนเอกชน,วิทย์-คณิต,< 3.50,ภาษาอังกฤษ,คณิตศาสตร์,ธุรกิจส่วนตัว,"มากกว่า 70,000 บาท","10,000 - 30,000 บาท",2,ไม่เคย
"14/3/2021, 19:12:31",,หญิง,22,ไม่เคย,คณะบริหารธุรกิจและการบัญชี,รับตรงร่วมกัน,5,1,โรงเรียนรัฐบาล,ศิลป์,2.00 - 2.50,อื่นๆ,คณิตศาสตร์,ธุรกิจส่วนตัว,"30,000 - 70,000 บาท","น้อยกว่า 10,000 บาท",0,ไม่เคย
"14/3/2021, 19:13:09",,ชาย,17,ไม่เคย,คณะวิศวกรรมศาสตร์,Admission,5,5,โรงเรียนเอกชน,วิทย์-คณิต,3.01 - 3.50,คณิตศาสตร์,สังคมศึกษา,ธุรกิจส่วนตัว,"มากกว่า 70,000 บาท","น้อยกว่า 10,000 บาท",0,ไม่เคย
"14/3/2021, 19:35:02",,หญิง,19,ไม่เคย,คณะวิทยาศาสตร์,Portfolio,3,4,โรงเรียนรัฐบาล,วิทย์-คณิต,3.01 - 3.50,คณิตศาสตร์,ศิลปะ,ข้าราชการ,"30,000 - 70,000 บาท","น้อยกว่า 10,000 บาท",3,ไม่เคย
"14/3/2021, 19:47:39",,ชาย,18,ไม่เคย,คณะวิทยาศาสตร์,โควต้า,3,5,โรงเรียนรัฐบาล,วิทย์-คณิต,< 3.50,คณิตศาสตร์,ศิลปะ,ธุรกิจส่วนตัว,"30,000 - 70,000 บาท","10,000 - 30,000 บาท",0,ไม่เคย
"14/3/2021, 19:47:47",,หญิง,18,ลาออกด้วยความสมัครใจ(ซิ่ว),คณะวิทยาศาสตร์,รับตรงร่วมกัน,5,2,โรงเรียนรัฐบาล,วิทย์-คณิต,3.01 - 3.50,วิทยาศาสตร์,อื่นๆ,พนักงานรับจ้าง,"30,000 - 70,000 บาท","น้อยกว่า 10,000 บาท",1,ไม่เคย
"14/3/2021, 19:54:35",,หญิง,19,ลาออกด้วยความสมัครใจ(ซิ่ว),คณะวิทยาศาสตร์,รับตรงร่วมกัน,5,2,โรงเรียนสาธิต,วิทย์-คณิต,,สังคมศึกษา,คณิตศาสตร์,ธุรกิจส่วนตัว,"มากกว่า 70,000 บาท","10,000 - 30,000 บาท",2,ไม่เคย
"14/3/2021, 20:15:00",,ชาย,19,ไม่เคย,คณะวิทยาศาสตร์,รับตรงร่วมกัน,4,3,โรงเรียนรัฐบาล,วิทย์-คณิต,3.01 - 3.50,คณิตศาสตร์,ศิลปะ,ธุรกิจส่วนตัว,"30,000 - 70,000 บาท","10,000 - 30,000 บาท",1,ไม่เคย
"14/3/2021, 20:25:47",,ชาย,18,ไม่เคย,คณะวิทยาศาสตร์,รับตรงร่วมกัน,2,5,โรงเรียนรัฐบาล,วิทย์-คณิต,3.01 - 3.50,วิทยาศาสตร์,คณิตศาสตร์,พนักงานรับจ้าง,"น้อยกว่า 30,000 บาท","น้อยกว่า 10,000 บาท",2,เคย
"14/3/2021, 20:49:54",,ชาย,19,ไม่เคย,คณะวิศวกรรมศาสตร์,Admission,5,1,โรงเรียนรัฐบาล,วิทย์-คณิต,3.01 - 3.50,ศิลปะ,ภาษาอังกฤษ,เกษตรกร,"น้อยกว่า 30,000 บาท","น้อยกว่า 10,000 บาท",1,ไม่เคย
"14/3/2021, 21:01:12",,หญิง,18,ไม่เคย,คณะเศรษฐศาสตร์,รับตรงร่วมกัน,3,4,โรงเรียนสาธิต,วิทย์-คณิต,> 3.50,คณิตศาสตร์,วิทยาศาสตร์,ข้าราชการ,"30,000 - 70,000 บาท","น้อยกว่า 10,000 บาท",2,ไม่เคย
"14/3/2021, 22:06:37",,ชาย,19,ไม่เคย,คณะบริหารธุรกิจและการบัญชี,โควต้า,4,1,โรงเรียนเอกชน,วิทย์-คณิต,2.51 - 3.00,อื่นๆ,ภาษาอังกฤษ,พนักงานรับจ้าง,"30,000 - 70,000 บาท","น้อยกว่า 10,000 บาท",1,ไม่เคย
"14/3/2021, 22:37:21",,ชาย,18,ไม่เคย,คณะบริหารธุรกิจและการบัญชี,Portfolio,5,3,โรงเรียนรัฐบาล,วิทย์-คณิต,3.01 - 3.50,อื่นๆ,คณิตศาสตร์,พนักงานรับจ้าง,"น้อยกว่า 30,000 บาท","น้อยกว่า 10,000 บาท",1,เคย
"15/3/2021, 1:15:42",,ชาย,18,ไม่เคย,คณะวิศวกรรมศาสตร์,รับตรงร่วมกัน,3,5,โรงเรียนรัฐบาล,วิทย์-คณิต,2.51 - 3.00,ศิลปะ,ภาษาอังกฤษ,ธุรกิจส่วนตัว,"มากกว่า 70,000 บาท","น้อยกว่า 10,000 บาท",1,เคย
"15/3/2021, 1:16:02",,ชาย,18,ไม่เคย,คณะวิศวกรรมศาสตร์,รับตรงร่วมกัน,3,5,โรงเรียนรัฐบาล,วิทย์-คณิต,2.51 - 3.00,ศิลปะ,ภาษาอังกฤษ,ธุรกิจส่วนตัว,"มากกว่า 70,000 บาท","น้อยกว่า 10,000 บาท",1,เคย
"15/3/2021, 2:27:33",,ชาย,18,ไม่เคย,คณะวิศวกรรมศาสตร์,Admission,4,2,โรงเรียนรัฐบาล,วิทย์-คณิต,2.51 - 3.00,วิทยาศาสตร์,คณิตศาสตร์,พนักงานรับจ้าง,"30,000 - 70,000 บาท","น้อยกว่า 10,000 บาท",0,ไม่เคย
"15/3/2021, 9:00:14",,ชาย,18,ลาออกด้วยความสมัครใจ(ซิ่ว),คณะวิทยาศาสตร์,Admission,3,3,โรงเรียนรัฐบาล,วิทย์-คณิต,2.51 - 3.00,อื่นๆ,วิทยาศาสตร์,ธุรกิจส่วนตัว,"น้อยกว่า 30,000 บาท","น้อยกว่า 10,000 บาท",1,เคย
"15/3/2021, 9:32:20",,หญิง,18,ไม่เคย,คณะวิทยาศาสตร์,รับตรงร่วมกัน,4,3,โรงเรียนรัฐบาล,ศิลป์,3.01 - 3.50,คณิตศาสตร์,ภาษาอังกฤษ,พนักงานรับจ้าง,"น้อยกว่า 30,000 บาท","น้อยกว่า 10,000 บาท",1,ไม่เคย
"15/3/2021, 9:35:28",,หญิง,18,ไม่เคย,คณะวิทยาศาสตร์,Portfolio,4,3,โรงเรียนเอกชน,วิทย์-คณิต,> 3.50,อื่นๆ,วิทยาศาสตร์,ข้าราชการ,"30,000 - 70,000 บาท","น้อยกว่า 10,000 บาท",1,ไม่เคย
"16/3/2021, 3:29:45",,หญิง,18,ไม่เคย,คณะเกษตรศาสตร์,อื่นๆ,5,2,โรงเรียนเอกชน,วิทย์-คณิต,2.51 - 3.00,อื่นๆ,คณิตศาสตร์,พนักงานบริษัท,"น้อยกว่า 30,000 บาท","น้อยกว่า 10,000 บาท",1,ไม่เคย
"17/3/2021, 9:51:33",,ชาย,19,ลาออกด้วยความสมัครใจ(ซิ่ว),คณะเศรษฐศาสตร์,Admission,3,3,โรงเรียนรัฐบาล,วิทย์-คณิต,2.51 - 3.00,คณิตศาสตร์,วิทยาศาสตร์,ธุรกิจส่วนตัว,"30,000 - 70,000 บาท","น้อยกว่า 10,000 บาท",3,ไม่เคย
"17/3/2021, 10:16:58",,หญิง,19,ไม่เคย,คณะนิติศาสตร์,Admission,5,3,โรงเรียนรัฐบาล,ศิลป์,3.01 - 3.50,สังคมศึกษา,วิทยาศาสตร์,พนักงานรับจ้าง,"30,000 - 70,000 บาท","น้อยกว่า 10,000 บาท",1,ไม่เคย
"18/3/2021, 9:14:15",,หญิง,19,ถูกบังคับให้ออก(โดนรีไทร์),คณะวิศวกรรมศาสตร์,รับตรงร่วมกัน,5,3,โรงเรียนสาธิต,วิทย์-คณิต,2.51 - 3.00,คณิตศาสตร์,ภาษาอังกฤษ,ธุรกิจส่วนตัว,"30,000 - 70,000 บาท","น้อยกว่า 10,000 บาท",2,เคย
"18/3/2021, 9:17:09",,ชาย,18,ถูกบังคับให้ออก(โดนรีไทร์),คณะวิทยาศาสตร์,รับตรงร่วมกัน,4,2,โรงเรียนรัฐบาล,วิทย์-คณิต,2.51 - 3.00,ภาษาอังกฤษ,คณิตศาสตร์,พนักงานบริษัท,"30,000 - 70,000 บาท","10,000 - 30,000 บาท",1,ไม่เคย
"18/3/2021, 9:22:00",,หญิง,19,ถูกบังคับให้ออก(โดนรีไทร์),คณะวิศวกรรมศาสตร์,รับตรงร่วมกัน,5,3,โรงเรียนรัฐบาล,วิทย์-คณิต,2.51 - 3.00,คณิตศาสตร์,ศิลปะ,พนักงานบริษัท,"30,000 - 70,000 บาท","10,000 - 30,000 บาท",2,ไม่เคย
"18/3/2021, 9:24:59",,หญิง,19,ลาออกด้วยความสมัครใจ(ซิ่ว),คณะนิติศาสตร์,โควต้า,4,1,โรงเรียนสาธิต,ศิลป์,2.51 - 3.00,ภาษาอังกฤษ,คณิตศาสตร์,ข้าราชการ,"30,000 - 70,000 บาท","น้อยกว่า 10,000 บาท",3,เคย
"18/3/2021, 9:28:00",,เพศทางเลือก,18,ถูกบังคับให้ออก(โดนรีไทร์),คณะเศรษฐศาสตร์,Admission,5,2,โรงเรียนรัฐบาล,วิทย์-คณิต,2.51 - 3.00,ภาษาอังกฤษ,วิทยาศาสตร์,ธุรกิจส่วนตัว,"น้อยกว่า 30,000 บาท","น้อยกว่า 10,000 บาท",2,เคย
"18/3/2021, 9:30:58",,ชาย,19,ลาออกด้วยความสมัครใจ(ซิ่ว),คณะเภสัชศาสตร์,รับตรงร่วมกัน,5,4,โรงเรียนรัฐบาล,วิทย์-คณิต,3.01 - 3.50,คณิตศาสตร์,ภาษาอังกฤษ,พนักงานบริษัท,"30,000 - 70,000 บาท","น้อยกว่า 10,000 บาท",3,เคย
"18/3/2021, 9:32:28",,เพศทางเลือก,18,ไม่เคย,คณะนิเทศศาสตร์,Portfolio,3,5,โรงเรียนรัฐบาล,ศิลป์,2.51 - 3.00,ศิลปะ,คณิตศาสตร์,พนักงานบริษัท,"30,000 - 70,000 บาท","10,000 - 30,000 บาท",2,ไม่เคย
"18/3/2021, 9:35:32",,หญิง,19,ไม่เคย,คณะวิทยาศาสตร์,รับตรงร่วมกัน,4,4,โรงเรียนสาธิต,วิทย์-คณิต,2.51 - 3.00,วิทยาศาสตร์,คณิตศาสตร์,พนักงานบริษัท,"30,000 - 70,000 บาท","10,000 - 30,000 บาท",2,ไม่เคย
"18/3/2021, 9:38:17",,หญิง,18,ถูกบังคับให้ออก(โดนรีไทร์),คณะรัฐศาสตร์,รับตรงร่วมกัน,5,2,โรงเรียนรัฐบาล,ศิลป์,2.51 - 3.00,ภาษาอังกฤษ,วิทยาศาสตร์,พนักงานบริษัท,"มากกว่า 70,000 บาท","10,000 - 30,000 บาท",3,ไม่เคย
"18/3/2021, 9:40:57",,หญิง,18,ลาออกด้วยความสมัครใจ(ซิ่ว),คณะมนุษยศาสตร์,Admission,4,1,โรงเรียนรัฐบาล,ศิลป์,2.00 - 2.50,ภาษาอังกฤษ,คณิตศาสตร์,พนักงานบริษัท,"30,000 - 70,000 บาท","10,000 - 30,000 บาท",1,ไม่เคย
"18/3/2021, 9:44:57",,ชาย,18,ลาออกด้วยความสมัครใจ(ซิ่ว),คณะวิศวกรรมศาสตร์,โควต้า,5,3,โรงเรียนสาธิต,วิทย์-คณิต,2.51 - 3.00,คณิตศาสตร์,สังคมศึกษา,พนักงานรับจ้าง,"น้อยกว่า 30,000 บาท","น้อยกว่า 10,000 บาท",2,เคย
"18/3/2021, 9:46:11",,ชาย,18,ลาออกด้วยความสมัครใจ(ซิ่ว),คณะวิทยาศาสตร์,Portfolio,4,1,โรงเรียนรัฐบาล,วิทย์-คณิต,3.01 - 3.50,คณิตศาสตร์,ภาษาอังกฤษ,ข้าราชการ,"30,000 - 70,000 บาท","10,000 - 30,000 บาท",1,ไม่เคย
"18/3/2021, 9:47:47",,ชาย,18,ลาออกด้วยความสมัครใจ(ซิ่ว),คณะนิติศาสตร์,Admission,4,2,โรงเรียนเอกชน,วิทย์-คณิต,2.00 - 2.50,คณิตศาสตร์,วิทยาศาสตร์,พนักงานบริษัท,"30,000 - 70,000 บาท","น้อยกว่า 10,000 บาท",2,ไม่เคย
"18/3/2021, 9:49:10",,ชาย,18,ลาออกด้วยความสมัครใจ(ซิ่ว),คณะเภสัชศาสตร์,รับตรงร่วมกัน,5,2,โรงเรียนรัฐบาล,วิทย์-คณิต,3.01 - 3.50,คณิตศาสตร์,ศิลปะ,ธุรกิจส่วนตัว,"30,000 - 70,000 บาท","10,000 - 30,000 บาท",2,ไม่เคย
"18/3/2021, 9:50:20",,หญิง,18,ลาออกด้วยความสมัครใจ(ซิ่ว),คณะเศรษฐศาสตร์,Portfolio,4,1,โรงเรียนรัฐบาล,ศิลป์,2.51 - 3.00,สังคมศึกษา,คณิตศาสตร์,พนักงานบริษัท,"30,000 - 70,000 บาท","น้อยกว่า 10,000 บาท",1,ไม่เคย
"23/3/2021, 13:59:36",,หญิง,19,ลาออกด้วยความสมัครใจ(ซิ่ว),คณะวิศวกรรมศาสตร์,รับตรงร่วมกัน,2,5,โรงเรียนรัฐบาล,วิทย์-คณิต,> 3.50,คณิตศาสตร์,ศิลปะ,ธุรกิจส่วนตัว,"น้อยกว่า 30,000 บาท","น้อยกว่า 10,000 บาท",2,ไม่เคย
"23/3/2021, 14:13:02",,ชาย,18,ไม่เคย,คณะวิทยาศาสตร์,รับตรงร่วมกัน,4,5,โรงเรียนสาธิต,วิทย์-คณิต,3.01 - 3.50,คณิตศาสตร์,ภาษาอังกฤษ,ธุรกิจส่วนตัว,"30,000 - 70,000 บาท","10,000 - 30,000 บาท",1,ไม่เคย
"23/3/2021, 14:18:11",,ชาย,18,ลาออกด้วยความสมัครใจ(ซิ่ว),คณะวิศวกรรมศาสตร์,โควต้า,5,4,โรงเรียนเอกชน,วิทย์-คณิต,3.01 - 3.50,อื่นๆ,คณิตศาสตร์,ข้าราชการ,"30,000 - 70,000 บาท","10,000 - 30,000 บาท",2,ไม่เคย
"23/3/2021, 14:19:17",,ชาย,18,ลาออกด้วยความสมัครใจ(ซิ่ว),คณะวิศวกรรมศาสตร์,โควต้า,5,4,โรงเรียนเอกชน,วิทย์-คณิต,3.01 - 3.50,อื่นๆ,คณิตศาสตร์,ข้าราชการ,"30,000 - 70,000 บาท","10,000 - 30,000 บาท",2,ไม่เคย
"23/3/2021, 14:22:26",,ชาย,19,ถูกบังคับให้ออก(โดนรีไทร์),คณะวิทยาศาสตร์,รับตรงร่วมกัน,4,5,โรงเรียนเอกชน,วิทย์-คณิต,3.01 - 3.50,ศิลปะ,คณิตศาสตร์,ธุรกิจส่วนตัว,"มากกว่า 70,000 บาท","10,000 - 30,000 บาท",2,ไม่เคย
"23/3/2021, 14:24:59",,หญิง,19,ไม่เคย,คณะวิทยาศาสตร์,รับตรงอิสระ(รอบเก็บตก),3,2,โรงเรียนรัฐบาล,วิทย์-คณิต,3.01 - 3.50,คณิตศาสตร์,ภาษาอังกฤษ,ธุรกิจส่วนตัว,"น้อยกว่า 30,000 บาท","น้อยกว่า 10,000 บาท",1,เคย
"23/3/2021, 14:25:43",,หญิง,18,ไม่เคย,คณะวิทยาศาสตร์,โควต้า,3,3,โรงเรียนรัฐบาล,ศิลป์,3.01 - 3.50,อื่นๆ,ภาษาอังกฤษ,พนักงานรับจ้าง,"30,000 - 70,000 บาท","10,000 - 30,000 บาท",2,ไม่เคย
"23/3/2021, 14:27:25",,ชาย,18,ลาออกด้วยความสมัครใจ(ซิ่ว),คณะมนุษยศาสตร์,รับตรงร่วมกัน,3,4,โรงเรียนรัฐบาล,วิทย์-คณิต,2.51 - 3.00,ภาษาอังกฤษ,ศิลปะ,ธุรกิจส่วนตัว,"30,000 - 70,000 บาท","10,000 - 30,000 บาท",1,ไม่เคย
"23/3/2021, 14:27:47",,ชาย,18,ไม่เคย,อื่นๆ,รับตรงร่วมกัน,1,2,โรงเรียนรัฐบาล,ศิลป์,< 2.00,ภาษาอังกฤษ,วิทยาศาสตร์,ธุรกิจส่วนตัว,"30,000 - 70,000 บาท","10,000 - 30,000 บาท",1,ไม่เคย
"23/3/2021, 14:28:40",,ชาย,18,ลาออกด้วยความสมัครใจ(ซิ่ว),คณะเทคโนโลยีสารสนเทศ,โควต้า,3,2,โรงเรียนรัฐบาล,วิทย์-คณิต,3.01 - 3.50,ภาษาอังกฤษ,วิทยาศาสตร์,พนักงานบริษัท,"มากกว่า 70,000 บาท","น้อยกว่า 10,000 บาท",2,ไม่เคย
"23/3/2021, 14:28:47",,หญิง,19,ไม่เคย,คณะวิทยาศาสตร์,Portfolio,4,2,โรงเรียนเอกชน,วิทย์-คณิต,> 3.50,วิทยาศาสตร์,อื่นๆ,พนักงานบริษัท,"มากกว่า 70,000 บาท","10,000 - 30,000 บาท",1,ไม่เคย
"23/3/2021, 14:28:47",,ชาย,19,ลาออกด้วยความสมัครใจ(ซิ่ว),คณะศิลปกรรมศาสตร์,อื่นๆ,5,3,โรงเรียนรัฐบาล,ศิลป์,< 2.00,คณิตศาสตร์,สังคมศึกษา,ธุรกิจส่วนตัว,"30,000 - 70,000 บาท","น้อยกว่า 10,000 บาท",1,ไม่เคย
"23/3/2021, 14:29:00",,หญิง,20,ลาออกด้วยความสมัครใจ(ซิ่ว),คณะเทคโนโลยีสารสนเทศ,โควต้า,5,2,โรงเรียนรัฐบาล,วิทย์-คณิต,2.51 - 3.00,วิทยาศาสตร์,ภาษาอังกฤษ,พนักงานบริษัท,"น้อยกว่า 30,000 บาท","น้อยกว่า 10,000 บาท",1,ไม่เคย
"23/3/2021, 14:33:35",,หญิง,19,ลาออกด้วยความสมัครใจ(ซิ่ว),คณะวิศวกรรมศาสตร์,โควต้า,4,3,โรงเรียนรัฐบาล,วิทย์-คณิต,> 3.50,คณิตศาสตร์,ภาษาอังกฤษ,อื่นๆ,"มากกว่า 70,000 บาท","น้อยกว่า 10,000 บาท",1,ไม่เคย
"23/3/2021, 14:36:22",,หญิง,18,ลาออกด้วยความสมัครใจ(ซิ่ว),คณะมนุษยศาสตร์,Admission,1,1,โรงเรียนรัฐบาล,ศิลป์,2.00 - 2.50,ภาษาอังกฤษ,คณิตศาสตร์,ธุรกิจส่วนตัว,"30,000 - 70,000 บาท","น้อยกว่า 10,000 บาท",1,ไม่เคย
"23/3/2021, 14:37:17",,หญิง,18,ลาออกด้วยความสมัครใจ(ซิ่ว),คณะมนุษยศาสตร์,โควต้า,5,1,โรงเรียนรัฐบาล,วิทย์-คณิต,3.01 - 3.50,ภาษาอังกฤษ,ศิลปะ,ธุรกิจส่วนตัว,"น้อยกว่า 30,000 บาท","น้อยกว่า 10,000 บาท",1,เคย
"23/3/2021, 14:38:43",,หญิง,19,ไม่เคย,คณะมนุษยศาสตร์,Portfolio,3,3,โรงเรียนรัฐบาล,ศิลป์,3.01 - 3.50,อื่นๆ,คณิตศาสตร์,พนักงานบริษัท,"น้อยกว่า 30,000 บาท","น้อยกว่า 10,000 บาท",2,เคย
"23/3/2021, 14:41:08",,ชาย,18,ถูกบังคับให้ออก(โดนรีไทร์),คณะเทคโนโลยีสารสนเทศ,โควต้า,5,2,โรงเรียนรัฐบาล,วิทย์-คณิต,2.51 - 3.00,ศิลปะ,วิทยาศาสตร์,ข้าราชการ,"มากกว่า 70,000 บาท","10,000 - 30,000 บาท",2,ไม่เคย
"23/3/2021, 14:41:39",,ชาย,19,ไม่เคย,คณะวิทยาศาสตร์,Admission,5,2,โรงเรียนรัฐบาล,วิทย์-คณิต,3.01 - 3.50,คณิตศาสตร์,ภาษาอังกฤษ,ธุรกิจส่วนตัว,"30,000 - 70,000 บาท","น้อยกว่า 10,000 บาท",0,ไม่เคย
"23/3/2021, 14:43:36",,ชาย,18,ไม่เคย,คณะวิทยาศาสตร์,รับตรงร่วมกัน,2,5,โรงเรียนรัฐบาล,วิทย์-คณิต,3.01 - 3.50,คณิตศาสตร์,ศิลปะ,ธุรกิจส่วนตัว,"30,000 - 70,000 บาท","มากกว่า 30,000 บาท",3,เคย
"23/3/2021, 14:48:35",,ชาย,17,ไม่เคย,คณะวิทยาศาสตร์,รับตรงอิสระ(รอบเก็บตก),4,5,โรงเรียนรัฐบาล,วิทย์-คณิต,> 3.50,คณิตศาสตร์,สังคมศึกษา,ธุรกิจส่วนตัว,"30,000 - 70,000 บาท","น้อยกว่า 10,000 บาท",0,ไม่เคย
"23/3/2021, 14:48:47",,หญิง,18,ไม่เคย,คณะวิทยาศาสตร์,โควต้า,4,3,โรงเรียนรัฐบาล,วิทย์-คณิต,3.01 - 3.50,ภาษาอังกฤษ,คณิตศาสตร์,ธุรกิจส่วนตัว,"30,000 - 70,000 บาท","10,000 - 30,000 บาท",1,เคย
"23/3/2021, 14:49:16",,หญิง,18,ลาออกด้วยความสมัครใจ(ซิ่ว),อื่นๆ,โควต้า,5,3,โรงเรียนรัฐบาล,ศิลป์,2.51 - 3.00,อื่นๆ,คณิตศาสตร์,เกษตรกร,"น้อยกว่า 30,000 บาท","น้อยกว่า 10,000 บาท",2,เคย
"23/3/2021, 14:58:48",,ชาย,19,ลาออกด้วยความสมัครใจ(ซิ่ว),คณะบริหารธุรกิจและการบัญชี,Admission,3,4,โรงเรียนรัฐบาล,วิทย์-คณิต,3.01 - 3.50,อื่นๆ,วิทยาศาสตร์,พนักงานบริษัท,"มากกว่า 70,000 บาท","10,000 - 30,000 บาท",1,ไม่เคย
"23/3/2021, 15:04:57",,ชาย,30,ลาออกด้วยความสมัครใจ(ซิ่ว),คณะมนุษยศาสตร์,Admission,5,5,โรงเรียนเอกชน,วิทย์-คณิต,> 3.50,ภาษาอังกฤษ,สังคมศึกษา,เกษตรกร,"น้อยกว่า 30,000 บาท","น้อยกว่า 10,000 บาท",ไม่,เคย
"23/3/2021, 15:12:53",,ชาย,19,ลาออกด้วยความสมัครใจ(ซิ่ว),คณะวิศวกรรมศาสตร์,รับตรงร่วมกัน,4,3,โรงเรียนรัฐบาล,วิทย์-คณิต,> 3.50,คณิตศาสตร์,ภาษาอังกฤษ,เกษตรกร,"น้อยกว่า 30,000 บาท","น้อยกว่า 10,000 บาท",1,ไม่เคย
"23/3/2021, 15:15:16",,หญิง,18,ลาออกด้วยความสมัครใจ(ซิ่ว),คณะครุศาสตร์อุตสาหกรรม,อื่นๆ,3,3,โรงเรียนรัฐบาล,วิทย์-คณิต,2.00 - 2.50,คณิตศาสตร์,สังคมศึกษา,ธุรกิจส่วนตัว,"30,000 - 70,000 บาท","10,000 - 30,000 บาท",2,ไม่เคย
"23/3/2021, 15:18:38",,ชาย,17,ลาออกด้วยความสมัครใจ(ซิ่ว),อื่นๆ,Portfolio,3,2,โรงเรียนรัฐบาล,ศิลป์,2.51 - 3.00,อื่นๆ,คณิตศาสตร์,อื่นๆ,"30,000 - 70,000 บาท","10,000 - 30,000 บาท",1,ไม่เคย
"23/3/2021, 15:20:52",,หญิง,18,ไม่เคย,คณะศิลปกรรมศาสตร์,โควต้า,3,3,โรงเรียนรัฐบาล,วิทย์-คณิต,3.01 - 3.50,คณิตศาสตร์,ภาษาอังกฤษ,เกษตรกร,"น้อยกว่า 30,000 บาท","น้อยกว่า 10,000 บาท",2,เคย
"23/3/2021, 15:25:58",,ชาย,18,ไม่เคย,คณะวิศวกรรมศาสตร์,รับตรงร่วมกัน,4,3,โรงเรียนรัฐบาล,วิทย์-คณิต,2.00 - 2.50,คณิตศาสตร์,สังคมศึกษา,พนักงานบริษัท,"มากกว่า 70,000 บาท","10,000 - 30,000 บาท",2,ไม่เคย
"23/3/2021, 15:29:26",,เพศทางเลือก,18,ลาออกด้วยความสมัครใจ(ซิ่ว),คณะวิศวกรรมศาสตร์,Portfolio,4,1,โรงเรียนรัฐบาล,วิทย์-คณิต,3.01 - 3.50,สังคมศึกษา,วิทยาศาสตร์,ธุรกิจส่วนตัว,"น้อยกว่า 30,000 บาท","10,000 - 30,000 บาท",1,ไม่เคย
"23/3/2021, 15:30:29",,ชาย,18,ถูกบังคับให้ออก(โดนรีไทร์),คณะเศรษฐศาสตร์,รับตรงร่วมกัน,5,5,โรงเรียนรัฐบาล,ศิลป์,2.00 - 2.50,อื่นๆ,คณิตศาสตร์,ข้าราชการ,"30,000 - 70,000 บาท","น้อยกว่า 10,000 บาท",1,ไม่เคย
"23/3/2021, 15:47:43",,หญิง,18,ลาออกด้วยความสมัครใจ(ซิ่ว),คณะมนุษยศาสตร์,โควต้า,4,1,โรงเรียนรัฐบาล,ศิลป์,> 3.50,สังคมศึกษา,คณิตศาสตร์,อื่นๆ,"30,000 - 70,000 บาท","น้อยกว่า 10,000 บาท",1,ไม่เคย
"23/3/2021, 16:01:17",,หญิง,19,ลาออกด้วยความสมัครใจ(ซิ่ว),อื่นๆ,Admission,5,3,โรงเรียนรัฐบาล,วิทย์-คณิต,2.51 - 3.00,ภาษาอังกฤษ,วิทยาศาสตร์,ธุรกิจส่วนตัว,"น้อยกว่า 30,000 บาท","น้อยกว่า 10,000 บาท",2,ไม่เคย
"23/3/2021, 16:19:04",,ชาย,18,ไม่เคย,คณะบริหารธุรกิจและการบัญชี,อื่นๆ,3,5,โรงเรียนรัฐบาล,วิทย์-คณิต,2.51 - 3.00,ภาษาอังกฤษ,วิทยาศาสตร์,อื่นๆ,"30,000 - 70,000 บาท","10,000 - 30,000 บาท",0,ไม่เคย
"23/3/2021, 16:21:32",,หญิง,18,ลาออกด้วยความสมัครใจ(ซิ่ว),คณะวิศวกรรมศาสตร์,Admission,5,3,โรงเรียนรัฐบาล,วิทย์-คณิต,3.01 - 3.50,ภาษาอังกฤษ,สังคมศึกษา,ธุรกิจส่วนตัว,"มากกว่า 70,000 บาท","10,000 - 30,000 บาท",2,ไม่เคย
"23/3/2021, 16:33:42",,หญิง,18,ลาออกด้วยความสมัครใจ(ซิ่ว),คณะวิทยาศาสตร์,รับตรงร่วมกัน,3,3,โรงเรียนรัฐบาล,วิทย์-คณิต,3.01 - 3.50,ภาษาอังกฤษ,คณิตศาสตร์,ธุรกิจส่วนตัว,"30,000 - 70,000 บาท","น้อยกว่า 10,000 บาท",1,ไม่เคย
"23/3/2021, 16:47:31",,หญิง,18,ไม่เคย,อื่นๆ,รับตรงร่วมกัน,3,2,โรงเรียนรัฐบาล,ศิลป์,2.51 - 3.00,อื่นๆ,คณิตศาสตร์,ธุรกิจส่วนตัว,"30,000 - 70,000 บาท","10,000 - 30,000 บาท",2,ไม่เคย
"23/3/2021, 16:50:40",,หญิง,18,ลาออกด้วยความสมัครใจ(ซิ่ว),คณะวิทยาศาสตร์,Admission,3,2,โรงเรียนเอกชน,วิทย์-คณิต,> 3.50,ภาษาอังกฤษ,สังคมศึกษา,พนักงานบริษัท,"30,000 - 70,000 บาท","10,000 - 30,000 บาท",1,ไม่เคย
"23/3/2021, 16:55:19",,ชาย,19,ลาออกด้วยความสมัครใจ(ซิ่ว),อื่นๆ,รับตรงอิสระ(รอบเก็บตก),2,1,โรงเรียนรัฐบาล,ศิลป์,2.00 - 2.50,อื่นๆ,คณิตศาสตร์,ข้าราชการ,"มากกว่า 70,000 บาท","10,000 - 30,000 บาท",1,ไม่เคย
"23/3/2021, 17:26:10",,ชาย,18,ไม่เคย,คณะวิทยาศาสตร์,รับตรงอิสระ(รอบเก็บตก),3,5,โรงเรียนเอกชน,วิทย์-คณิต,2.51 - 3.00,ศิลปะ,อื่นๆ,อื่นๆ,"30,000 - 70,000 บาท","น้อยกว่า 10,000 บาท",0,ไม่เคย
"23/3/2021, 17:26:29",,ชาย,18,ไม่เคย,คณะวิทยาศาสตร์,โควต้า,4,4,โรงเรียนรัฐบาล,วิทย์-คณิต,3.01 - 3.50,คณิตศาสตร์,ภาษาอังกฤษ,ธุรกิจส่วนตัว,"30,000 - 70,000 บาท","10,000 - 30,000 บาท",1,ไม่เคย
"23/3/2021, 17:28:20",,หญิง,18,ลาออกด้วยความสมัครใจ(ซิ่ว),คณะวิศวกรรมศาสตร์,Admission,5,3,โรงเรียนรัฐบาล,วิทย์-คณิต,3.01 - 3.50,ภาษาอังกฤษ,วิทยาศาสตร์,อื่นๆ,"30,000 - 70,000 บาท","น้อยกว่า 10,000 บาท",1คน,ไม่เคย
"23/3/2021, 17:33:29",,ชาย,19,ลาออกด้วยความสมัครใจ(ซิ่ว),คณะมนุษยศาสตร์,โควต้า,3,3,โรงเรียนรัฐบาล,วิทย์-คณิต,3.01 - 3.50,ภาษาอังกฤษ,ศิลปะ,ข้าราชการ,"30,000 - 70,000 บาท","น้อยกว่า 10,000 บาท",0,ไม่เคย
"23/3/2021, 17:36:59",,หญิง,18,ไม่เคย,คณะวิทยาศาสตร์,รับตรงอิสระ(รอบเก็บตก),5,1,โรงเรียนรัฐบาล,วิทย์-คณิต,> 3.50,ภาษาอังกฤษ,คณิตศาสตร์,ธุรกิจส่วนตัว,"30,000 - 70,000 บาท","10,000 - 30,000 บาท",2 คน,ไม่เคย
"23/3/2021, 17:48:31",,เพศทางเลือก,20,ลาออกด้วยความสมัครใจ(ซิ่ว),คณะมนุษยศาสตร์,Admission,3,5,โรงเรียนรัฐบาล,ศิลป์,2.51 - 3.00,สังคมศึกษา,คณิตศาสตร์,ข้าราชการ,"30,000 - 70,000 บาท","10,000 - 30,000 บาท",1,ไม่เคย
"23/3/2021, 17:52:26",,ชาย,18,ไม่เคย,คณะเศรษฐศาสตร์,Portfolio,4,4,โรงเรียนรัฐบาล,วิทย์-คณิต,2.51 - 3.00,วิทยาศาสตร์,ศิลปะ,ธุรกิจส่วนตัว,"มากกว่า 70,000 บาท","10,000 - 30,000 บาท",1,ไม่เคย
"23/3/2021, 17:55:30",,ชาย,19,ไม่เคย,คณะวิทยาศาสตร์,โควต้า,3,3,โรงเรียนสาธิต,วิทย์-คณิต,3.01 - 3.50,คณิตศาสตร์,ภาษาอังกฤษ,อื่นๆ,"มากกว่า 70,000 บาท","น้อยกว่า 10,000 บาท",4,ไม่เคย
"23/3/2021, 17:58:35",,ชาย,18,ลาออกด้วยความสมัครใจ(ซิ่ว),คณะมนุษยศาสตร์,รับตรงร่วมกัน,1,1,โรงเรียนรัฐบาล,ศิลป์,2.00 - 2.50,ภาษาอังกฤษ,สังคมศึกษา,ธุรกิจส่วนตัว,"30,000 - 70,000 บาท","น้อยกว่า 10,000 บาท",1,ไม่เคย
"23/3/2021, 18:04:35",,หญิง,19,ลาออกด้วยความสมัครใจ(ซิ่ว),คณะเกษตรศาสตร์,รับตรงร่วมกัน,4,4,โรงเรียนรัฐบาล,ศิลป์,> 3.50,สังคมศึกษา,คณิตศาสตร์,พนักงานรับจ้าง,"น้อยกว่า 30,000 บาท","น้อยกว่า 10,000 บาท",0,ไม่เคย
"23/3/2021, 18:42:47",,ชาย,18,ไม่เคย,คณะวิทยาศาสตร์,รับตรงอิสระ(รอบเก็บตก),4,4,โรงเรียนรัฐบาล,วิทย์-คณิต,> 3.50,คณิตศาสตร์,ภาษาอังกฤษ,เกษตรกร,"30,000 - 70,000 บาท","น้อยกว่า 10,000 บาท",1,เคย
"23/3/2021, 18:47:31",,หญิง,19,ลาออกด้วยความสมัครใจ(ซิ่ว),คณะวิทยาศาสตร์,โควต้า,4,4,โรงเรียนรัฐบาล,ศิลป์,3.01 - 3.50,สังคมศึกษา,ภาษาอังกฤษ,เกษตรกร,"น้อยกว่า 30,000 บาท","น้อยกว่า 10,000 บาท",2,เคย
"23/3/2021, 18:59:54",,หญิง,20,ลาออกด้วยความสมัครใจ(ซิ่ว),คณะเกษตรศาสตร์,รับตรงร่วมกัน,3,3,โรงเรียนรัฐบาล,วิทย์-คณิต,3.01 - 3.50,คณิตศาสตร์,ภาษาอังกฤษ,พนักงานรับจ้าง,"น้อยกว่า 30,000 บาท","น้อยกว่า 10,000 บาท",0,เคย
"23/3/2021, 19:22:28",,หญิง,18,ลาออกด้วยความสมัครใจ(ซิ่ว),คณะวิศวกรรมศาสตร์,รับตรงร่วมกัน,4,4,โรงเรียนเอกชน,วิทย์-คณิต,> 3.50,ภาษาอังกฤษ,วิทยาศาสตร์,ธุรกิจส่วนตัว,"30,000 - 70,000 บาท","10,000 - 30,000 บาท",2,ไม่เคย
"23/3/2021, 19:49:27",,หญิง,19,ไม่เคย,คณะเกษตรศาสตร์,Admission,5,4,โรงเรียนเอกชน,วิทย์-คณิต,2.51 - 3.00,อื่นๆ,คณิตศาสตร์,ธุรกิจส่วนตัว,"น้อยกว่า 30,000 บาท","น้อยกว่า 10,000 บาท",2,ไม่เคย
"23/3/2021, 20:36:13",,หญิง,18,ลาออกด้วยความสมัครใจ(ซิ่ว),คณะมนุษยศาสตร์,รับตรงร่วมกัน,4,3,โรงเรียนเอกชน,ศิลป์,3.01 - 3.50,ภาษาอังกฤษ,คณิตศาสตร์,ธุรกิจส่วนตัว,"มากกว่า 70,000 บาท","น้อยกว่า 10,000 บาท",0,ไม่เคย
"23/3/2021, 21:07:26",,หญิง,18,ลาออกด้วยความสมัครใจ(ซิ่ว),คณะเทคโนโลยีสารสนเทศ,รับตรงอิสระ(รอบเก็บตก),3,3,โรงเรียนรัฐบาล,วิทย์-คณิต,2.51 - 3.00,ศิลปะ,ภาษาอังกฤษ,เกษตรกร,"น้อยกว่า 30,000 บาท","น้อยกว่า 10,000 บาท",2,ไม่เคย
"23/3/2021, 21:07:34",,หญิง,18,ลาออกด้วยความสมัครใจ(ซิ่ว),คณะเทคโนโลยีสารสนเทศ,รับตรงอิสระ(รอบเก็บตก),3,3,โรงเรียนรัฐบาล,วิทย์-คณิต,2.51 - 3.00,ศิลปะ,ภาษาอังกฤษ,เกษตรกร,"น้อยกว่า 30,000 บาท","น้อยกว่า 10,000 บาท",2,ไม่เคย
"23/3/2021, 21:12:01",,เพศทางเลือก,19,ลาออกด้วยความสมัครใจ(ซิ่ว),คณะวิทยาศาสตร์,Admission,5,4,โรงเรียนรัฐบาล,วิทย์-คณิต,> 3.50,วิทยาศาสตร์,คณิตศาสตร์,พนักงานรับจ้าง,"น้อยกว่า 30,000 บาท","น้อยกว่า 10,000 บาท",1,ไม่เคย
"23/3/2021, 21:17:39",,ชาย,18,ไม่เคย,คณะวิทยาศาสตร์,รับตรงอิสระ(รอบเก็บตก),4,4,โรงเรียนรัฐบาล,วิทย์-คณิต,3.01 - 3.50,ภาษาอังกฤษ,วิทยาศาสตร์,อื่นๆ,"30,000 - 70,000 บาท","น้อยกว่า 10,000 บาท",1,ไม่เคย
"23/3/2021, 21:46:45",,หญิง,18,ไม่เคย,คณะวิทยาศาสตร์,โควต้า,4,2,โรงเรียนรัฐบาล,วิทย์-คณิต,3.01 - 3.50,ภาษาอังกฤษ,คณิตศาสตร์,พนักงานบริษัท,"30,000 - 70,000 บาท","น้อยกว่า 10,000 บาท",2,ไม่เคย
"23/3/2021, 21:54:26",,หญิง,18,ไม่เคย,คณะบริหารธุรกิจและการบัญชี,Admission,1,2,โรงเรียนเอกชน,วิทย์-คณิต,> 3.50,คณิตศาสตร์,ภาษาอังกฤษ,พนักงานบริษัท,"30,000 - 70,000 บาท","น้อยกว่า 10,000 บาท",2,ไม่เคย
"23/3/2021, 22:13:01",,ชาย,20,ลาออกด้วยความสมัครใจ(ซิ่ว),คณะเทคนิคการแพทย์,โควต้า,4,3,โรงเรียนรัฐบาล,วิทย์-คณิต,2.51 - 3.00,ภาษาอังกฤษ,คณิตศาสตร์,ข้าราชการ,"30,000 - 70,000 บาท","น้อยกว่า 10,000 บาท",3,ไม่เคย
"23/3/2021, 22:54:28",,หญิง,18,ลาออกด้วยความสมัครใจ(ซิ่ว),อื่นๆ,โควต้า,3,1,โรงเรียนรัฐบาล,วิทย์-คณิต,> 3.50,วิทยาศาสตร์,คณิตศาสตร์,พนักงานรับจ้าง,"น้อยกว่า 30,000 บาท","น้อยกว่า 10,000 บาท",1,เคย
"24/3/2021, 0:41:56",,ชาย,19,ลาออกด้วยความสมัครใจ(ซิ่ว),คณะวิทยาศาสตร์,Admission,3,2,โรงเรียนรัฐบาล,วิทย์-คณิต,3.01 - 3.50,วิทยาศาสตร์,ภาษาอังกฤษ,พนักงานรับจ้าง,"30,000 - 70,000 บาท","น้อยกว่า 10,000 บาท",0,เคย
"24/3/2021, 9:47:06",,หญิง,18,ลาออกด้วยความสมัครใจ(ซิ่ว),คณะสถาปัตยกรรมศาสตร์,รับตรงร่วมกัน,5,4,โรงเรียนรัฐบาล,ศิลป์,3.01 - 3.50,คณิตศาสตร์,สังคมศึกษา,ธุรกิจส่วนตัว,"มากกว่า 70,000 บาท","10,000 - 30,000 บาท",1,ไม่เคย
"24/3/2021, 12:28:06",,ชาย,18,ลาออกด้วยความสมัครใจ(ซิ่ว),คณะเทคโนโลยีสารสนเทศ,Portfolio,3,1,โรงเรียนรัฐบาล,วิทย์-คณิต,2.00 - 2.50,สังคมศึกษา,ภาษาอังกฤษ,ธุรกิจส่วนตัว,"มากกว่า 70,000 บาท","10,000 - 30,000 บาท",2,ไม่เคย
"24/3/2021, 13:15:30",,เพศทางเลือก,2,ลาออกด้วยความสมัครใจ(ซิ่ว),คณะครุศาสตร์อุตสาหกรรม,Admission,2,4,โรงเรียนรัฐบาล,วิทย์-คณิต,3.01 - 3.50,ภาษาอังกฤษ,คณิตศาสตร์,อื่นๆ,"30,000 - 70,000 บาท","10,000 - 30,000 บาท",1,ไม่เคย
"24/3/2021, 15:19:49",,ชาย,18,ไม่เคย,คณะวิทยาศาสตร์,Admission,4,3,โรงเรียนรัฐบาล,วิทย์-คณิต,3.01 - 3.50,วิทยาศาสตร์,ศิลปะ,ธุรกิจส่วนตัว,"30,000 - 70,000 บาท","น้อยกว่า 10,000 บาท",1,ไม่เคย
"24/3/2021, 16:10:07",,หญิง,19,ไม่เคย,คณะมนุษยศาสตร์,Admission,4,4,โรงเรียนรัฐบาล,วิทย์-คณิต,3.01 - 3.50,สังคมศึกษา,คณิตศาสตร์,ข้าราชการ,"มากกว่า 70,000 บาท","10,000 - 30,000 บาท",2,ไม่เคย
"24/3/2021, 19:37:04",,หญิง,18,ไม่เคย,คณะบริหารธุรกิจและการบัญชี,Admission,3,2,โรงเรียนรัฐบาล,วิทย์-คณิต,3.01 - 3.50,อื่นๆ,คณิตศาสตร์,พนักงานบริษัท,"30,000 - 70,000 บาท","น้อยกว่า 10,000 บาท",1,ไม่เคย
"24/3/2021, 19:44:30",,ชาย,19,ไม่เคย,คณะเศรษฐศาสตร์,Admission,4,4,โรงเรียนเอกชน,วิทย์-คณิต,3.01 - 3.50,สังคมศึกษา,สังคมศึกษา,ธุรกิจส่วนตัว,"30,000 - 70,000 บาท","น้อยกว่า 10,000 บาท",3,ไม่เคย
"25/3/2021, 13:00:58",,หญิง,18,ไม่เคย,คณะศิลปกรรมศาสตร์,โควต้า,3,2,โรงเรียนเอกชน,วิทย์-คณิต,3.01 - 3.50,ภาษาอังกฤษ,คณิตศาสตร์,ธุรกิจส่วนตัว,"30,000 - 70,000 บาท","น้อยกว่า 10,000 บาท",2,ไม่เคย
"25/3/2021, 13:04:50",,หญิง,17,ไม่เคย,คณะนิเทศศาสตร์,Admission,3,5,โรงเรียนรัฐบาล,ศิลป์,> 3.50,อื่นๆ,ศิลปะ,ธุรกิจส่วนตัว,"30,000 - 70,000 บาท","น้อยกว่า 10,000 บาท",1,ไม่เคย
"25/3/2021, 13:09:28",,หญิง,18,ลาออกด้วยความสมัครใจ(ซิ่ว),คณะวิศวกรรมศาสตร์,Portfolio,5,5,โรงเรียนรัฐบาล,วิทย์-คณิต,> 3.50,คณิตศาสตร์,ศิลปะ,ธุรกิจส่วนตัว,"30,000 - 70,000 บาท","น้อยกว่า 10,000 บาท",2,ไม่เคย
"25/3/2021, 13:14:38",,ชาย,18,ไม่เคย,อื่นๆ,Admission,4,4,โรงเรียนเอกชน,วิทย์-คณิต,> 3.50,ภาษาอังกฤษ,วิทยาศาสตร์,ธุรกิจส่วนตัว,"มากกว่า 70,000 บาท","10,000 - 30,000 บาท",0,ไม่เคย
"25/3/2021, 13:18:41",,หญิง,18,ไม่เคย,คณะครุศาสตร์อุตสาหกรรม,Admission,4,3,โรงเรียนรัฐบาล,วิทย์-คณิต,3.01 - 3.50,วิทยาศาสตร์,คณิตศาสตร์,ข้าราชการ,"มากกว่า 70,000 บาท","น้อยกว่า 10,000 บาท",2,ไม่เคย
"25/3/2021, 13:18:50",,หญิง,18,ลาออกด้วยความสมัครใจ(ซิ่ว),คณะวิทยาศาสตร์,Admission,5,3,โรงเรียนรัฐบาล,วิทย์-คณิต,3.01 - 3.50,วิทยาศาสตร์,ภาษาอังกฤษ,พนักงานบริษัท,"30,000 - 70,000 บาท","10,000 - 30,000 บาท",2,ไม่เคย
"25/3/2021, 22:55:22",,หญิง,17,ไม่เคย,อื่นๆ,รับตรงอิสระ(รอบเก็บตก),4,4,โรงเรียนรัฐบาล,ศิลป์,> 3.50,ภาษาอังกฤษ,วิทยาศาสตร์,ธุรกิจส่วนตัว,"30,000 - 70,000 บาท","น้อยกว่า 10,000 บาท",3,ไม่เคย
"25/3/2021, 23:15:56",,หญิง,18,ถูกบังคับให้ออก(โดนรีไทร์),คณะวิทยาศาสตร์,Admission,5,2,โรงเรียนรัฐบาล,วิทย์-คณิต,2.00 - 2.50,วิทยาศาสตร์,ภาษาอังกฤษ,อื่นๆ,"30,000 - 70,000 บาท","น้อยกว่า 10,000 บาท",2,ไม่เคย
"25/3/2021, 23:51:04",,เพศทางเลือก,19,ไม่เคย,คณะมนุษยศาสตร์,Portfolio,5,3,โรงเรียนสาธิต,ศิลป์,3.01 - 3.50,อื่นๆ,คณิตศาสตร์,ธุรกิจส่วนตัว,"30,000 - 70,000 บาท","น้อยกว่า 10,000 บาท",2,ไม่เคย
"27/3/2021, 0:54:55",,หญิง,18,ลาออกด้วยความสมัครใจ(ซิ่ว),คณะวิทยาศาสตร์,รับตรงร่วมกัน,5,1,โรงเรียนรัฐบาล,วิทย์-คณิต,> 3.50,วิทยาศาสตร์,คณิตศาสตร์,ข้าราชการ,"น้อยกว่า 30,000 บาท","น้อยกว่า 10,000 บาท",2,เคย
"28/3/2021, 0:27:27",,ชาย,18,ไม่เคย,คณะบริหารธุรกิจและการบัญชี,อื่นๆ,3,3,โรงเรียนรัฐบาล,ศิลป์,2.00 - 2.50,วิทยาศาสตร์,คณิตศาสตร์,ธุรกิจส่วนตัว,"น้อยกว่า 30,000 บาท","น้อยกว่า 10,000 บาท",1,ไม่เคย
"28/3/2021, 11:49:17",,ชาย,2,ไม่เคย,คณะวิศวกรรมศาสตร์,รับตรงร่วมกัน,4,2,โรงเรียนรัฐบาล,วิทย์-คณิต,< 2.00,คณิตศาสตร์,ภาษาอังกฤษ,ข้าราชการ,"น้อยกว่า 30,000 บาท","น้อยกว่า 10,000 บาท",1,ไม่เคย
"29/3/2021, 18:42:42",,ชาย,20,ลาออกด้วยความสมัครใจ(ซิ่ว),คณะวิทยาศาสตร์,รับตรงร่วมกัน,5,2,โรงเรียนรัฐบาล,วิทย์-คณิต,> 3.50,วิทยาศาสตร์,ศิลปะ,พนักงานบริษัท,"น้อยกว่า 30,000 บาท","น้อยกว่า 10,000 บาท",2,ไม่เคย
"29/3/2021, 23:53:28",,ชาย,21,ไม่เคย,คณะมนุษยศาสตร์,อื่นๆ,5,5,โรงเรียนเอกชน,วิทย์-คณิต,< 2.00,อื่นๆ,วิทยาศาสตร์,ธุรกิจส่วนตัว,"มากกว่า 70,000 บาท","มากกว่า 30,000 บาท",2,ไม่เคย
"30/3/2021, 0:12:54",,หญิง,18,ไม่เคย,คณะวิศวกรรมศาสตร์,Admission,5,3,โรงเรียนรัฐบาล,วิทย์-คณิต,> 3.50,ศิลปะ,ภาษาอังกฤษ,พนักงานบริษัท,"30,000 - 70,000 บาท","10,000 - 30,000 บาท",1,ไม่เคย
"30/3/2021, 0:16:54",,หญิง,19,ไม่เคย,คณะศิลปกรรมศาสตร์,โควต้า,5,4,โรงเรียนรัฐบาล,ศิลป์,3.01 - 3.50,ศิลปะ,คณิตศาสตร์,ธุรกิจส่วนตัว,"30,000 - 70,000 บาท","น้อยกว่า 10,000 บาท",2,เคย
"30/3/2021, 6:12:19",,หญิง,18,ไม่เคย,คณะศึกษาศาสตร์,โควต้า,2,1,โรงเรียนรัฐบาล,ศิลป์,3.01 - 3.50,สังคมศึกษา,วิทยาศาสตร์,ธุรกิจส่วนตัว,"30,000 - 70,000 บาท","10,000 - 30,000 บาท",2,ไม่เคย
"30/3/2021, 9:12:37",,ชาย,21,ไม่เคย,คณะเศรษฐศาสตร์,อื่นๆ,4,5,โรงเรียนเอกชน,วิทย์-คณิต,2.51 - 3.00,ภาษาอังกฤษ,คณิตศาสตร์,พนักงานบริษัท,"มากกว่า 70,000 บาท","น้อยกว่า 10,000 บาท",4,ไม่เคย
"1/4/2021, 20:41:59",,หญิง,18,ลาออกด้วยความสมัครใจ(ซิ่ว),คณะวิทยาศาสตร์,Admission,5,4,โรงเรียนรัฐบาล,ศิลป์,2.51 - 3.00,คณิตศาสตร์,ภาษาอังกฤษ,ธุรกิจส่วนตัว,"30,000 - 70,000 บาท","น้อยกว่า 10,000 บาท",2,ไม่เคย
"2/4/2021, 8:14:34",,หญิง,19,ลาออกด้วยความสมัครใจ(ซิ่ว),คณะวิศวกรรมศาสตร์,Admission,4,4,โรงเรียนรัฐบาล,วิทย์-คณิต,2.51 - 3.00,ภาษาอังกฤษ,วิทยาศาสตร์,พนักงานรับจ้าง,"30,000 - 70,000 บาท","10,000 - 30,000 บาท",3,ไม่เคย
"2/4/2021, 8:19:06",,หญิง,18,ถูกบังคับให้ออก(โดนรีไทร์),คณะสังคมศาสตร์,รับตรงร่วมกัน,3,3,โรงเรียนรัฐบาล,วิทย์-คณิต,2.51 - 3.00,สังคมศึกษา,คณิตศาสตร์,พนักงานบริษัท,"น้อยกว่า 30,000 บาท","น้อยกว่า 10,000 บาท",2,เคย
"2/4/2021, 8:20:21",,ชาย,20,ถูกบังคับให้ออก(โดนรีไทร์),คณะวิศวกรรมศาสตร์,อื่นๆ,4,4,โรงเรียนรัฐบาล,วิทย์-คณิต,2.00 - 2.50,ภาษาอังกฤษ,อื่นๆ,เกษตรกร,"น้อยกว่า 30,000 บาท","น้อยกว่า 10,000 บาท",1,เคย
"2/4/2021, 8:21:08",,ชาย,20,ลาออกด้วยความสมัครใจ(ซิ่ว),คณะสังคมศาสตร์,Admission,3,4,โรงเรียนเอกชน,วิทย์-คณิต,2.51 - 3.00,ภาษาอังกฤษ,ศิลปะ,ข้าราชการ,"30,000 - 70,000 บาท","น้อยกว่า 10,000 บาท",3,ไม่เคย
"2/4/2021, 8:21:56",,เพศทางเลือก,19,ลาออกด้วยความสมัครใจ(ซิ่ว),คณะนิติศาสตร์,โควต้า,4,3,โรงเรียนรัฐบาล,ศิลป์,2.51 - 3.00,สังคมศึกษา,ศิลปะ,พนักงานรับจ้าง,"น้อยกว่า 30,000 บาท","น้อยกว่า 10,000 บาท",2,ไม่เคย
"2/4/2021, 8:22:48",,หญิง,20,ถูกบังคับให้ออก(โดนรีไทร์),คณะวิทยาศาสตร์,Admission,4,3,โรงเรียนรัฐบาล,วิทย์-คณิต,2.51 - 3.00,วิทยาศาสตร์,ภาษาอังกฤษ,เกษตรกร,"น้อยกว่า 30,000 บาท","น้อยกว่า 10,000 บาท",2,เคย
"2/4/2021, 8:24:12",,หญิง,18,ถูกบังคับให้ออก(โดนรีไทร์),คณะแพทยศาสตร์,Admission,5,3,โรงเรียนรัฐบาล,วิทย์-คณิต,3.01 - 3.50,วิทยาศาสตร์,สังคมศึกษา,ข้าราชการ,"น้อยกว่า 30,000 บาท","น้อยกว่า 10,000 บาท",3,เคย
"2/4/2021, 8:24:57",,ชาย,21,ลาออกด้วยความสมัครใจ(ซิ่ว),คณะเภสัชศาสตร์,อื่นๆ,4,5,โรงเรียนเอกชน,วิทย์-คณิต,2.51 - 3.00,วิทยาศาสตร์,สังคมศึกษา,ข้าราชการ,"30,000 - 70,000 บาท","น้อยกว่า 10,000 บาท",2,ไม่เคย
"2/4/2021, 8:25:37",,หญิง,20,ถูกบังคับให้ออก(โดนรีไทร์),อื่นๆ,รับตรงร่วมกัน,4,2,โรงเรียนรัฐบาล,ศิลป์,2.51 - 3.00,ภาษาอังกฤษ,สังคมศึกษา,อื่นๆ,"น้อยกว่า 30,000 บาท","น้อยกว่า 10,000 บาท",3,เคย
"2/4/2021, 8:26:13",,เพศทางเลือก,22,ลาออกด้วยความสมัครใจ(ซิ่ว),คณะนิเทศศาสตร์,Portfolio,4,2,โรงเรียนรัฐบาล,ศิลป์,2.51 - 3.00,ภาษาอังกฤษ,ศิลปะ,พนักงานรับจ้าง,"น้อยกว่า 30,000 บาท","น้อยกว่า 10,000 บาท",3,เคย
"2/4/2021, 8:26:55",,หญิง,19,ลาออกด้วยความสมัครใจ(ซิ่ว),คณะเทคโนโลยีสารสนเทศ,Admission,3,3,โรงเรียนรัฐบาล,วิทย์-คณิต,2.51 - 3.00,อื่นๆ,สังคมศึกษา,พนักงานบริษัท,"30,000 - 70,000 บาท","น้อยกว่า 10,000 บาท",2,ไม่เคย
"2/4/2021, 8:28:13",,ชาย,18,ลาออกด้วยความสมัครใจ(ซิ่ว),คณะรัฐศาสตร์,รับตรงร่วมกัน,5,3,โรงเรียนสาธิต,วิทย์-คณิต,2.51 - 3.00,สังคมศึกษา,ศิลปะ,ข้าราชการ,"30,000 - 70,000 บาท","10,000 - 30,000 บาท",2,ไม่เคย
"2/4/2021, 8:29:02",,เพศทางเลือก,19,ถูกบังคับให้ออก(โดนรีไทร์),คณะนิติศาสตร์,รับตรงร่วมกัน,4,3,โรงเรียนรัฐบาล,วิทย์-คณิต,2.51 - 3.00,สังคมศึกษา,คณิตศาสตร์,อื่นๆ,"น้อยกว่า 30,000 บาท","น้อยกว่า 10,000 บาท",3,ไม่เคย
"2/4/2021, 8:29:43",,ชาย,20,ถูกบังคับให้ออก(โดนรีไทร์),คณะวิศวกรรมศาสตร์,รับตรงร่วมกัน,4,2,โรงเรียนรัฐบาล,วิทย์-คณิต,2.51 - 3.00,อื่นๆ,อื่นๆ,พนักงานรับจ้าง,"น้อยกว่า 30,000 บาท","น้อยกว่า 10,000 บาท",4,เคย
"2/4/2021, 8:30:32",,หญิง,19,ถูกบังคับให้ออก(โดนรีไทร์),คณะบริหารธุรกิจและการบัญชี,รับตรงอิสระ(รอบเก็บตก),4,2,โรงเรียนรัฐบาล,ศิลป์,2.51 - 3.00,คณิตศาสตร์,วิทยาศาสตร์,อื่นๆ,"น้อยกว่า 30,000 บาท","น้อยกว่า 10,000 บาท",5,เคย
"2/4/2021, 8:31:13",,ชาย,20,ถูกบังคับให้ออก(โดนรีไทร์),คณะเกษตรศาสตร์,รับตรงร่วมกัน,5,3,โรงเรียนรัฐบาล,ศิลป์,2.51 - 3.00,อื่นๆ,อื่นๆ,เกษตรกร,"น้อยกว่า 30,000 บาท","น้อยกว่า 10,000 บาท",4,เคย
"2/4/2021, 8:32:27",,ชาย,21,ลาออกด้วยความสมัครใจ(ซิ่ว),อื่นๆ,อื่นๆ,4,3,โรงเรียนรัฐบาล,ศิลป์,2.00 - 2.50,ภาษาอังกฤษ,คณิตศาสตร์,พนักงานรับจ้าง,"น้อยกว่า 30,000 บาท","น้อยกว่า 10,000 บาท",4,ไม่เคย
"2/4/2021, 8:33:20",,ชาย,20,ถูกบังคับให้ออก(โดนรีไทร์),คณะศึกษาศาสตร์,รับตรงร่วมกัน,4,3,โรงเรียนรัฐบาล,ศิลป์,2.51 - 3.00,อื่นๆ,อื่นๆ,อื่นๆ,"น้อยกว่า 30,000 บาท","น้อยกว่า 10,000 บาท",4,เคย
"2/4/2021, 8:33:57",,ชาย,20,ลาออกด้วยความสมัครใจ(ซิ่ว),คณะมนุษยศาสตร์,โควต้า,4,1,โรงเรียนเอกชน,วิทย์-คณิต,2.51 - 3.00,สังคมศึกษา,อื่นๆ,ธุรกิจส่วนตัว,"30,000 - 70,000 บาท","น้อยกว่า 10,000 บาท",2,ไม่เคย
"2/4/2021, 8:34:37",,หญิง,18,ถูกบังคับให้ออก(โดนรีไทร์),คณะรัฐศาสตร์,Admission,5,3,โรงเรียนเอกชน,วิทย์-คณิต,2.51 - 3.00,สังคมศึกษา,ภาษาอังกฤษ,เกษตรกร,"น้อยกว่า 30,000 บาท","น้อยกว่า 10,000 บาท",2,เคย
"2/4/2021, 8:35:07",,หญิง,22,ลาออกด้วยความสมัครใจ(ซิ่ว),คณะวิทยาศาสตร์,รับตรงร่วมกัน,4,3,โรงเรียนสาธิต,วิทย์-คณิต,2.51 - 3.00,คณิตศาสตร์,สังคมศึกษา,ข้าราชการ,"30,000 - 70,000 บาท","10,000 - 30,000 บาท",4,ไม่เคย
"2/4/2021, 8:36:38",,หญิง,20,ถูกบังคับให้ออก(โดนรีไทร์),คณะเภสัชศาสตร์,Admission,3,4,โรงเรียนรัฐบาล,วิทย์-คณิต,> 3.50,วิทยาศาสตร์,ศิลปะ,เกษตรกร,"น้อยกว่า 30,000 บาท","น้อยกว่า 10,000 บาท",3,เคย
"2/4/2021, 8:37:17",,หญิง,20,ลาออกด้วยความสมัครใจ(ซิ่ว),คณะศิลปกรรมศาสตร์,โควต้า,4,3,โรงเรียนสาธิต,ศิลป์,2.51 - 3.00,ศิลปะ,สังคมศึกษา,ธุรกิจส่วนตัว,"น้อยกว่า 30,000 บาท","10,000 - 30,000 บาท",2,ไม่เคย
"2/4/2021, 8:38:07",,ชาย,21,ลาออกด้วยความสมัครใจ(ซิ่ว),คณะเทคนิคการแพทย์,รับตรงร่วมกัน,4,3,โรงเรียนเอกชน,วิทย์-คณิต,> 3.50,วิทยาศาสตร์,ภาษาอังกฤษ,อื่นๆ,"30,000 - 70,000 บาท","10,000 - 30,000 บาท",2,ไม่เคย
"2/4/2021, 8:38:40",,ชาย,21,ลาออกด้วยความสมัครใจ(ซิ่ว),คณะบริหารธุรกิจและการบัญชี,โควต้า,3,3,โรงเรียนรัฐบาล,วิทย์-คณิต,3.01 - 3.50,คณิตศาสตร์,ภาษาอังกฤษ,พนักงานรับจ้าง,"น้อยกว่า 30,000 บาท","น้อยกว่า 10,000 บาท",4,ไม่เคย
"2/4/2021, 8:39:23",,เพศทางเลือก,20,ถูกบังคับให้ออก(โดนรีไทร์),คณะครุศาสตร์อุตสาหกรรม,รับตรงร่วมกัน,4,3,โรงเรียนรัฐบาล,ศิลป์,2.51 - 3.00,คณิตศาสตร์,สังคมศึกษา,ข้าราชการ,"30,000 - 70,000 บาท","10,000 - 30,000 บาท",3,ไม่เคย
"2/4/2021, 8:39:54",,เพศทางเลือก,20,ถูกบังคับให้ออก(โดนรีไทร์),คณะเศรษฐศาสตร์,รับตรงร่วมกัน,4,3,โรงเรียนสาธิต,วิทย์-คณิต,2.51 - 3.00,สังคมศึกษา,ศิลปะ,ข้าราชการ,"น้อยกว่า 30,000 บาท","น้อยกว่า 10,000 บาท",4,เคย
"2/4/2021, 8:40:26",,ชาย,19,ถูกบังคับให้ออก(โดนรีไทร์),คณะวิศวกรรมศาสตร์,รับตรงร่วมกัน,3,3,โรงเรียนเอกชน,วิทย์-คณิต,2.51 - 3.00,ภาษาอังกฤษ,ศิลปะ,พนักงานบริษัท,"น้อยกว่า 30,000 บาท","น้อยกว่า 10,000 บาท",2,ไม่เคย
"2/4/2021, 8:40:55",,ชาย,19,ถูกบังคับให้ออก(โดนรีไทร์),คณะแพทยศาสตร์,โควต้า,5,2,โรงเรียนรัฐบาล,วิทย์-คณิต,> 3.50,คณิตศาสตร์,ศิลปะ,พนักงานรับจ้าง,"น้อยกว่า 30,000 บาท","น้อยกว่า 10,000 บาท",3,เคย
"2/4/2021, 8:41:27",,ชาย,19,ถูกบังคับให้ออก(โดนรีไทร์),คณะเกษตรศาสตร์,Portfolio,4,3,โรงเรียนรัฐบาล,ศิลป์,2.51 - 3.00,อื่นๆ,ศิลปะ,พนักงานรับจ้าง,"น้อยกว่า 30,000 บาท","น้อยกว่า 10,000 บาท",3,เคย
"2/4/2021, 8:42:04",,หญิง,22,ถูกบังคับให้ออก(โดนรีไทร์),คณะเทคนิคการแพทย์,Admission,3,3,โรงเรียนสาธิต,วิทย์-คณิต,2.51 - 3.00,คณิตศาสตร์,ศิลปะ,เกษตรกร,"น้อยกว่า 30,000 บาท","น้อยกว่า 10,000 บาท",1,เคย
"2/4/2021, 8:42:34",,หญิง,22,ถูกบังคับให้ออก(โดนรีไทร์),อื่นๆ,รับตรงร่วมกัน,4,3,โรงเรียนสาธิต,วิทย์-คณิต,2.51 - 3.00,ภาษาอังกฤษ,คณิตศาสตร์,ข้าราชการ,"น้อยกว่า 30,000 บาท","น้อยกว่า 10,000 บาท",2,เคย
"2/4/2021, 8:48:36",,หญิง,20,ลาออกด้วยความสมัครใจ(ซิ่ว),คณะศิลปกรรมศาสตร์,รับตรงร่วมกัน,4,3,โรงเรียนเอกชน,วิทย์-คณิต,3.01 - 3.50,ศิลปะ,ภาษาอังกฤษ,พนักงานบริษัท,"น้อยกว่า 30,000 บาท","น้อยกว่า 10,000 บาท",3,ไม่เคย
"2/4/2021, 8:49:02",,หญิง,20,ลาออกด้วยความสมัครใจ(ซิ่ว),คณะศึกษาศาสตร์,Portfolio,4,3,โรงเรียนรัฐบาล,ศิลป์,2.51 - 3.00,อื่นๆ,อื่นๆ,อื่นๆ,"น้อยกว่า 30,000 บาท","น้อยกว่า 10,000 บาท",3,ไม่เคย
"2/4/2021, 8:49:37",,ชาย,21,ถูกบังคับให้ออก(โดนรีไทร์),คณะศิลปกรรมศาสตร์,Admission,3,2,โรงเรียนรัฐบาล,วิทย์-คณิต,2.51 - 3.00,ศิลปะ,อื่นๆ,พนักงานรับจ้าง,"น้อยกว่า 30,000 บาท","น้อยกว่า 10,000 บาท",4,เคย
"2/4/2021, 8:50:05",,ชาย,21,ถูกบังคับให้ออก(โดนรีไทร์),คณะวิศวกรรมศาสตร์,รับตรงร่วมกัน,4,3,โรงเรียนสาธิต,วิทย์-คณิต,2.51 - 3.00,ภาษาอังกฤษ,วิทยาศาสตร์,พนักงานบริษัท,"30,000 - 70,000 บาท","น้อยกว่า 10,000 บาท",1,ไม่เคย
"2/4/2021, 8:50:46",,หญิง,20,ถูกบังคับให้ออก(โดนรีไทร์),คณะแพทยศาสตร์,Portfolio,5,1,โรงเรียนรัฐบาล,วิทย์-คณิต,3.01 - 3.50,วิทยาศาสตร์,อื่นๆ,ข้าราชการ,"30,000 - 70,000 บาท","น้อยกว่า 10,000 บาท",2,ไม่เคย
"2/4/2021, 9:04:48",,ชาย,20,ลาออกด้วยความสมัครใจ(ซิ่ว),คณะเภสัชศาสตร์,Admission,4,2,โรงเรียนสาธิต,วิทย์-คณิต,2.51 - 3.00,คณิตศาสตร์,ศิลปะ,เกษตรกร,"น้อยกว่า 30,000 บาท","น้อยกว่า 10,000 บาท",3,เคย
"2/4/2021, 9:05:20",,ชาย,20,ถูกบังคับให้ออก(โดนรีไทร์),คณะมนุษยศาสตร์,รับตรงร่วมกัน,5,3,โรงเรียนรัฐบาล,วิทย์-คณิต,3.01 - 3.50,ภาษาอังกฤษ,อื่นๆ,พนักงานรับจ้าง,"น้อยกว่า 30,000 บาท","น้อยกว่า 10,000 บาท",2,เคย
"2/4/2021, 9:05:56",,หญิง,18,ลาออกด้วยความสมัครใจ(ซิ่ว),คณะสถาปัตยกรรมศาสตร์,Admission,5,2,โรงเรียนรัฐบาล,วิทย์-คณิต,2.51 - 3.00,ศิลปะ,ภาษาอังกฤษ,อื่นๆ,"30,000 - 70,000 บาท","10,000 - 30,000 บาท",3,ไม่เคย
"2/4/2021, 9:06:33",,หญิง,20,ถูกบังคับให้ออก(โดนรีไทร์),คณะบริหารธุรกิจและการบัญชี,รับตรงอิสระ(รอบเก็บตก),4,4,โรงเรียนรัฐบาล,วิทย์-คณิต,2.51 - 3.00,คณิตศาสตร์,ภาษาอังกฤษ,เกษตรกร,"น้อยกว่า 30,000 บาท","น้อยกว่า 10,000 บาท",3,เคย
"2/4/2021, 9:07:08",,ชาย,18,ลาออกด้วยความสมัครใจ(ซิ่ว),คณะเภสัชศาสตร์,รับตรงอิสระ(รอบเก็บตก),4,3,โรงเรียนรัฐบาล,วิทย์-คณิต,2.51 - 3.00,คณิตศาสตร์,ภาษาอังกฤษ,ข้าราชการ,"30,000 - 70,000 บาท","10,000 - 30,000 บาท",3,ไม่เคย
"2/4/2021, 9:15:01",,ชาย,18,ลาออกด้วยความสมัครใจ(ซิ่ว),คณะบริหารธุรกิจและการบัญชี,Admission,4,2,โรงเรียนรัฐบาล,วิทย์-คณิต,2.51 - 3.00,คณิตศาสตร์,สังคมศึกษา,พนักงานรับจ้าง,"30,000 - 70,000 บาท","10,000 - 30,000 บาท",1,ไม่เคย
"2/4/2021, 9:15:26",,ชาย,20,ลาออกด้วยความสมัครใจ(ซิ่ว),คณะสังคมศาสตร์,รับตรงอิสระ(รอบเก็บตก),4,2,โรงเรียนรัฐบาล,วิทย์-คณิต,2.51 - 3.00,ภาษาอังกฤษ,อื่นๆ,เกษตรกร,"น้อยกว่า 30,000 บาท","น้อยกว่า 10,000 บาท",3,เคย
"2/4/2021, 9:16:00",,ชาย,18,ลาออกด้วยความสมัครใจ(ซิ่ว),คณะศิลปกรรมศาสตร์,Portfolio,5,3,โรงเรียนรัฐบาล,วิทย์-คณิต,3.01 - 3.50,ศิลปะ,อื่นๆ,ข้าราชการ,"30,000 - 70,000 บาท","10,000 - 30,000 บาท",2,ไม่เคย
"2/4/2021, 9:16:25",,เพศทางเลือก,18,ลาออกด้วยความสมัครใจ(ซิ่ว),คณะสถาปัตยกรรมศาสตร์,Portfolio,4,2,โรงเรียนรัฐบาล,วิทย์-คณิต,2.51 - 3.00,ศิลปะ,วิทยาศาสตร์,อื่นๆ,"30,000 - 70,000 บาท","10,000 - 30,000 บาท",2,ไม่เคย
"2/4/2021, 9:23:48",,ชาย,18,ถูกบังคับให้ออก(โดนรีไทร์),คณะศิลปกรรมศาสตร์,รับตรงอิสระ(รอบเก็บตก),4,2,โรงเรียนรัฐบาล,ศิลป์,2.51 - 3.00,ศิลปะ,ภาษาอังกฤษ,ข้าราชการ,"30,000 - 70,000 บาท","10,000 - 30,000 บาท",3,ไม่เคย
"2/4/2021, 9:24:27",,หญิง,20,ลาออกด้วยความสมัครใจ(ซิ่ว),คณะเภสัชศาสตร์,Portfolio,4,3,โรงเรียนรัฐบาล,วิทย์-คณิต,3.01 - 3.50,วิทยาศาสตร์,สังคมศึกษา,พนักงานบริษัท,"น้อยกว่า 30,000 บาท","น้อยกว่า 10,000 บาท",3,เคย
"2/4/2021, 9:25:00",,หญิง,19,ถูกบังคับให้ออก(โดนรีไทร์),คณะเศรษฐศาสตร์,รับตรงร่วมกัน,5,4,โรงเรียนสาธิต,วิทย์-คณิต,2.51 - 3.00,สังคมศึกษา,ภาษาอังกฤษ,เกษตรกร,"น้อยกว่า 30,000 บาท","น้อยกว่า 10,000 บาท",2,เคย
"2/4/2021, 9:25:35",,เพศทางเลือก,19,ถูกบังคับให้ออก(โดนรีไทร์),คณะบริหารธุรกิจและการบัญชี,รับตรงร่วมกัน,4,4,โรงเรียนสาธิต,วิทย์-คณิต,2.51 - 3.00,คณิตศาสตร์,ภาษาอังกฤษ,พนักงานบริษัท,"น้อยกว่า 30,000 บาท","น้อยกว่า 10,000 บาท",2,เคย
"2/4/2021, 9:26:12",,ชาย,19,ถูกบังคับให้ออก(โดนรีไทร์),คณะแพทยศาสตร์,Portfolio,5,2,โรงเรียนรัฐบาล,วิทย์-คณิต,> 3.50,วิทยาศาสตร์,อื่นๆ,อื่นๆ,"น้อยกว่า 30,000 บาท","น้อยกว่า 10,000 บาท",3,เคย
"2/4/2021, 9:26:59",,หญิง,20,ลาออกด้วยความสมัครใจ(ซิ่ว),คณะเศรษฐศาสตร์,อื่นๆ,4,2,โรงเรียนรัฐบาล,วิทย์-คณิต,2.51 - 3.00,คณิตศาสตร์,สังคมศึกษา,ข้าราชการ,"30,000 - 70,000 บาท","10,000 - 30,000 บาท",3,ไม่เคย
"2/4/2021, 9:27:26",,ชาย,20,ลาออกด้วยความสมัครใจ(ซิ่ว),คณะเทคโนโลยีสารสนเทศ,Admission,4,2,โรงเรียนสาธิต,วิทย์-คณิต,2.51 - 3.00,ภาษาอังกฤษ,ศิลปะ,พนักงานรับจ้าง,"น้อยกว่า 30,000 บาท","น้อยกว่า 10,000 บาท",2,เคย
"2/4/2021, 9:27:59",,หญิง,22,ถูกบังคับให้ออก(โดนรีไทร์),คณะบริหารธุรกิจและการบัญชี,รับตรงร่วมกัน,4,4,โรงเรียนสาธิต,วิทย์-คณิต,2.51 - 3.00,คณิตศาสตร์,สังคมศึกษา,ธุรกิจส่วนตัว,"30,000 - 70,000 บาท","10,000 - 30,000 บาท",4,ไม่เคย
"2/4/2021, 9:41:25",,หญิง,18,ถูกบังคับให้ออก(โดนรีไทร์),คณะวิทยาศาสตร์,รับตรงร่วมกัน,4,3,โรงเรียนสาธิต,ศิลป์,2.51 - 3.00,ภาษาอังกฤษ,สังคมศึกษา,พนักงานบริษัท,"น้อยกว่า 30,000 บาท","10,000 - 30,000 บาท",2,เคย
"2/4/2021, 9:42:05",,หญิง,19,ลาออกด้วยความสมัครใจ(ซิ่ว),คณะเทคนิคการแพทย์,Admission,4,2,โรงเรียนสาธิต,วิทย์-คณิต,2.00 - 2.50,ภาษาอังกฤษ,ภาษาอังกฤษ,พนักงานบริษัท,"30,000 - 70,000 บาท","10,000 - 30,000 บาท",5,เคย
"2/4/2021, 9:42:41",,หญิง,18,ลาออกด้วยความสมัครใจ(ซิ่ว),คณะเกษตรศาสตร์,รับตรงร่วมกัน,3,3,โรงเรียนสาธิต,วิทย์-คณิต,2.51 - 3.00,ภาษาอังกฤษ,คณิตศาสตร์,ธุรกิจส่วนตัว,"30,000 - 70,000 บาท","มากกว่า 30,000 บาท",8,เคย
"2/4/2021, 9:43:09",,หญิง,19,ถูกบังคับให้ออก(โดนรีไทร์),คณะรัฐศาสตร์,Admission,4,2,โรงเรียนสาธิต,วิทย์-คณิต,2.00 - 2.50,ภาษาอังกฤษ,ภาษาอังกฤษ,ข้าราชการ,"30,000 - 70,000 บาท","10,000 - 30,000 บาท",7,เคย
"2/4/2021, 9:43:40",,หญิง,18,ถูกบังคับให้ออก(โดนรีไทร์),คณะมนุษยศาสตร์,Admission,2,3,โรงเรียนสาธิต,ศิลป์,2.51 - 3.00,ภาษาอังกฤษ,สังคมศึกษา,เกษตรกร,"น้อยกว่า 30,000 บาท","น้อยกว่า 10,000 บาท",3,เคย
"2/4/2021, 9:44:10",,หญิง,22,ถูกบังคับให้ออก(โดนรีไทร์),คณะวิศวกรรมศาสตร์,Admission,4,3,โรงเรียนสาธิต,วิทย์-คณิต,2.51 - 3.00,คณิตศาสตร์,ภาษาอังกฤษ,พนักงานบริษัท,"30,000 - 70,000 บาท","10,000 - 30,000 บาท",1,เคย
"2/4/2021, 9:44:45",,หญิง,22,ลาออกด้วยความสมัครใจ(ซิ่ว),คณะบริหารธุรกิจและการบัญชี,Admission,3,4,โรงเรียนสาธิต,ศิลป์,2.00 - 2.50,ภาษาอังกฤษ,คณิตศาสตร์,พนักงานรับจ้าง,"30,000 - 70,000 บาท","10,000 - 30,000 บาท",5,ไม่เคย
"2/4/2021, 9:45:16",,หญิง,20,ถูกบังคับให้ออก(โดนรีไทร์),คณะเทคโนโลยีสารสนเทศ,รับตรงร่วมกัน,4,2,โรงเรียนรัฐบาล,วิทย์-คณิต,2.51 - 3.00,ภาษาอังกฤษ,ภาษาอังกฤษ,ข้าราชการ,"30,000 - 70,000 บาท","10,000 - 30,000 บาท",3,เคย
"2/4/2021, 9:45:43",,หญิง,21,ลาออกด้วยความสมัครใจ(ซิ่ว),คณะเทคโนโลยีสารสนเทศ,โควต้า,3,4,โรงเรียนเอกชน,วิทย์-คณิต,2.51 - 3.00,ภาษาอังกฤษ,สังคมศึกษา,ข้าราชการ,"30,000 - 70,000 บาท","10,000 - 30,000 บาท",5,ไม่เคย
"2/4/2021, 9:46:07",,หญิง,22,ถูกบังคับให้ออก(โดนรีไทร์),คณะสถาปัตยกรรมศาสตร์,รับตรงร่วมกัน,3,4,โรงเรียนสาธิต,วิทย์-คณิต,3.01 - 3.50,ภาษาอังกฤษ,ภาษาอังกฤษ,เกษตรกร,"30,000 - 70,000 บาท","10,000 - 30,000 บาท",3,ไม่เคย
"2/4/2021, 9:46:44",,หญิง,22,ถูกบังคับให้ออก(โดนรีไทร์),คณะวิศวกรรมศาสตร์,Admission,4,3,โรงเรียนสาธิต,ศิลป์,2.51 - 3.00,ภาษาอังกฤษ,คณิตศาสตร์,ข้าราชการ,"30,000 - 70,000 บาท","10,000 - 30,000 บาท",1,เคย
"2/4/2021, 9:47:18",,หญิง,19,ถูกบังคับให้ออก(โดนรีไทร์),คณะเภสัชศาสตร์,Admission,4,2,โรงเรียนสาธิต,ศิลป์,2.51 - 3.00,คณิตศาสตร์,ภาษาอังกฤษ,เกษตรกร,"มากกว่า 70,000 บาท","มากกว่า 30,000 บาท",2,ไม่เคย
"2/4/2021, 9:47:56",,หญิง,20,ลาออกด้วยความสมัครใจ(ซิ่ว),อื่นๆ,รับตรงร่วมกัน,4,2,โรงเรียนเอกชน,ศิลป์,> 3.50,สังคมศึกษา,สังคมศึกษา,ข้าราชการ,"30,000 - 70,000 บาท","10,000 - 30,000 บาท",3,ไม่เคย
"2/4/2021, 9:48:28",,หญิง,19,ถูกบังคับให้ออก(โดนรีไทร์),คณะศึกษาศาสตร์,Admission,4,4,โรงเรียนสาธิต,วิทย์-คณิต,2.51 - 3.00,ภาษาอังกฤษ,ภาษาอังกฤษ,ข้าราชการ,"30,000 - 70,000 บาท","10,000 - 30,000 บาท",3,ไม่เคย
"2/4/2021, 9:49:03",,เพศทางเลือก,18,ถูกบังคับให้ออก(โดนรีไทร์),คณะศึกษาศาสตร์,รับตรงร่วมกัน,3,4,โรงเรียนสาธิต,วิทย์-คณิต,3.01 - 3.50,สังคมศึกษา,ภาษาอังกฤษ,พนักงานบริษัท,"น้อยกว่า 30,000 บาท","น้อยกว่า 10,000 บาท",4,เคย
"2/4/2021, 9:49:30",,หญิง,18,ถูกบังคับให้ออก(โดนรีไทร์),คณะสังคมศาสตร์,Portfolio,4,2,โรงเรียนสาธิต,ศิลป์,2.51 - 3.00,สังคมศึกษา,คณิตศาสตร์,พนักงานบริษัท,"30,000 - 70,000 บาท","10,000 - 30,000 บาท",7,ไม่เคย
"2/4/2021, 9:50:24",,ชาย,18,ลาออกด้วยความสมัครใจ(ซิ่ว),คณะครุศาสตร์อุตสาหกรรม,Admission,4,2,โรงเรียนสาธิต,วิทย์-คณิต,2.00 - 2.50,สังคมศึกษา,คณิตศาสตร์,เกษตรกร,"มากกว่า 70,000 บาท","10,000 - 30,000 บาท",7,เคย
"2/4/2021, 9:50:53",,หญิง,19,ถูกบังคับให้ออก(โดนรีไทร์),คณะเทคโนโลยีสารสนเทศ,Admission,4,2,โรงเรียนสาธิต,ศิลป์,2.00 - 2.50,สังคมศึกษา,คณิตศาสตร์,เกษตรกร,"มากกว่า 70,000 บาท","10,000 - 30,000 บาท",4,ไม่เคย
"2/4/2021, 9:51:31",,หญิง,18,ถูกบังคับให้ออก(โดนรีไทร์),คณะเทคนิคการแพทย์,รับตรงร่วมกัน,4,2,โรงเรียนรัฐบาล,วิทย์-คณิต,3.01 - 3.50,สังคมศึกษา,คณิตศาสตร์,เกษตรกร,"มากกว่า 70,000 บาท","10,000 - 30,000 บาท",6,ไม่เคย
"2/4/2021, 9:52:02",,หญิง,22,ถูกบังคับให้ออก(โดนรีไทร์),คณะเภสัชศาสตร์,Admission,3,3,โรงเรียนสาธิต,ศิลป์,2.51 - 3.00,วิทยาศาสตร์,ภาษาอังกฤษ,ข้าราชการ,"30,000 - 70,000 บาท","10,000 - 30,000 บาท",2,เคย
"2/4/2021, 9:52:30",,หญิง,22,ถูกบังคับให้ออก(โดนรีไทร์),คณะเภสัชศาสตร์,Admission,4,2,โรงเรียนสาธิต,ศิลป์,2.00 - 2.50,คณิตศาสตร์,สังคมศึกษา,ข้าราชการ,"มากกว่า 70,000 บาท","10,000 - 30,000 บาท",5,เคย
"2/4/2021, 9:55:50",,หญิง,18,ถูกบังคับให้ออก(โดนรีไทร์),อื่นๆ,รับตรงร่วมกัน,4,2,โรงเรียนสาธิต,วิทย์-คณิต,2.51 - 3.00,คณิตศาสตร์,ภาษาอังกฤษ,ข้าราชการ,"มากกว่า 70,000 บาท","10,000 - 30,000 บาท",6,เคย
"2/4/2021, 9:56:18",,หญิง,19,ลาออกด้วยความสมัครใจ(ซิ่ว),คณะสถาปัตยกรรมศาสตร์,รับตรงร่วมกัน,4,3,โรงเรียนสาธิต,วิทย์-คณิต,2.51 - 3.00,คณิตศาสตร์,ภาษาอังกฤษ,เกษตรกร,"30,000 - 70,000 บาท","10,000 - 30,000 บาท",5,เคย
"2/4/2021, 9:56:43",,หญิง,18,ลาออกด้วยความสมัครใจ(ซิ่ว),คณะเกษตรศาสตร์,Admission,4,2,โรงเรียนสาธิต,วิทย์-คณิต,2.00 - 2.50,คณิตศาสตร์,สังคมศึกษา,ข้าราชการ,"30,000 - 70,000 บาท","10,000 - 30,000 บาท",6,เคย
"2/4/2021, 9:57:08",,หญิง,18,ถูกบังคับให้ออก(โดนรีไทร์),คณะศิลปกรรมศาสตร์,Admission,4,2,โรงเรียนสาธิต,วิทย์-คณิต,< 2.00,ภาษาอังกฤษ,สังคมศึกษา,ข้าราชการ,"มากกว่า 70,000 บาท","มากกว่า 30,000 บาท",7,เคย
"2/4/2021, 9:57:53",,หญิง,18,ถูกบังคับให้ออก(โดนรีไทร์),คณะเศรษฐศาสตร์,Admission,4,3,โรงเรียนสาธิต,วิทย์-คณิต,2.51 - 3.00,ภาษาอังกฤษ,ภาษาอังกฤษ,ข้าราชการ,"30,000 - 70,000 บาท","10,000 - 30,000 บาท",5,เคย
"2/4/2021, 9:58:32",,หญิง,18,ถูกบังคับให้ออก(โดนรีไทร์),คณะเศรษฐศาสตร์,Admission,4,3,โรงเรียนสาธิต,วิทย์-คณิต,2.51 - 3.00,ภาษาอังกฤษ,ภาษาอังกฤษ,ข้าราชการ,"30,000 - 70,000 บาท","มากกว่า 30,000 บาท",1,เคย
"2/4/2021, 9:59:03",,หญิง,18,ถูกบังคับให้ออก(โดนรีไทร์),อื่นๆ,รับตรงร่วมกัน,4,3,โรงเรียนสาธิต,วิทย์-คณิต,2.51 - 3.00,ภาษาอังกฤษ,สังคมศึกษา,ข้าราชการ,"30,000 - 70,000 บาท","10,000 - 30,000 บาท",2,ไม่เคย
"2/4/2021, 9:59:34",,หญิง,18,ถูกบังคับให้ออก(โดนรีไทร์),คณะเทคโนโลยีสารสนเทศ,Admission,4,3,โรงเรียนสาธิต,ศิลป์,2.51 - 3.00,คณิตศาสตร์,ภาษาอังกฤษ,เกษตรกร,"30,000 - 70,000 บาท","10,000 - 30,000 บาท",2,ไม่เคย
"2/4/2021, 10:00:02",,หญิง,18,ถูกบังคับให้ออก(โดนรีไทร์),คณะเภสัชศาสตร์,Admission,4,2,โรงเรียนสาธิต,ศิลป์,2.51 - 3.00,คณิตศาสตร์,ภาษาอังกฤษ,ข้าราชการ,"30,000 - 70,000 บาท","มากกว่า 30,000 บาท",3,ไม่เคย
"2/4/2021, 10:00:26",,หญิง,18,ถูกบังคับให้ออก(โดนรีไทร์),คณะนิเทศศาสตร์,Portfolio,3,4,โรงเรียนสาธิต,วิทย์-คณิต,2.51 - 3.00,คณิตศาสตร์,ภาษาอังกฤษ,ข้าราชการ,"30,000 - 70,000 บาท","มากกว่า 30,000 บาท",3,เคย
"2/4/2021, 10:00:55",,หญิง,18,ถูกบังคับให้ออก(โดนรีไทร์),คณะเทคโนโลยีสารสนเทศ,Admission,3,2,โรงเรียนสาธิต,วิทย์-คณิต,3.01 - 3.50,ภาษาอังกฤษ,คณิตศาสตร์,ข้าราชการ,"30,000 - 70,000 บาท","มากกว่า 30,000 บาท",7,ไม่เคย
"2/4/2021, 10:01:39",,หญิง,19,ถูกบังคับให้ออก(โดนรีไทร์),คณะศิลปกรรมศาสตร์,รับตรงร่วมกัน,4,3,โรงเรียนสาธิต,วิทย์-คณิต,2.51 - 3.00,ภาษาอังกฤษ,ภาษาอังกฤษ,ข้าราชการ,"30,000 - 70,000 บาท","10,000 - 30,000 บาท",6,เคย
"2/4/2021, 10:02:05",,หญิง,19,ถูกบังคับให้ออก(โดนรีไทร์),คณะศึกษาศาสตร์,รับตรงร่วมกัน,3,4,โรงเรียนสาธิต,ศิลป์,2.51 - 3.00,คณิตศาสตร์,ภาษาอังกฤษ,ข้าราชการ,"30,000 - 70,000 บาท","10,000 - 30,000 บาท",2,เคย
"2/4/2021, 10:02:32",,หญิง,18,ถูกบังคับให้ออก(โดนรีไทร์),คณะบริหารธุรกิจและการบัญชี,Admission,4,3,โรงเรียนสาธิต,ศิลป์,3.01 - 3.50,วิทยาศาสตร์,คณิตศาสตร์,ข้าราชการ,"30,000 - 70,000 บาท","10,000 - 30,000 บาท",3,ไม่เคย
"2/4/2021, 10:02:57",,หญิง,22,ลาออกด้วยความสมัครใจ(ซิ่ว),คณะวิทยาศาสตร์,รับตรงร่วมกัน,4,3,โรงเรียนสาธิต,ศิลป์,2.00 - 2.50,ภาษาอังกฤษ,ภาษาอังกฤษ,ข้าราชการ,"30,000 - 70,000 บาท","น้อยกว่า 10,000 บาท",1,เคย
"2/4/2021, 10:03:36",,หญิง,22,ถูกบังคับให้ออก(โดนรีไทร์),คณะบริหารธุรกิจและการบัญชี,โควต้า,3,5,โรงเรียนสาธิต,ศิลป์,2.00 - 2.50,ภาษาอังกฤษ,คณิตศาสตร์,ข้าราชการ,"30,000 - 70,000 บาท","มากกว่า 30,000 บาท",2,เคย
"2/4/2021, 10:04:02",,หญิง,22,ถูกบังคับให้ออก(โดนรีไทร์),คณะรัฐศาสตร์,รับตรงร่วมกัน,3,3,โรงเรียนสาธิต,วิทย์-คณิต,2.51 - 3.00,สังคมศึกษา,คณิตศาสตร์,ข้าราชการ,"30,000 - 70,000 บาท","10,000 - 30,000 บาท",2,เคย
"2/4/2021, 10:05:01",,หญิง,22,ถูกบังคับให้ออก(โดนรีไทร์),คณะเทคนิคการแพทย์,Admission,4,3,โรงเรียนรัฐบาล,ศิลป์,2.51 - 3.00,ภาษาอังกฤษ,ภาษาอังกฤษ,เกษตรกร,"น้อยกว่า 30,000 บาท","น้อยกว่า 10,000 บาท",2,เคย
"2/4/2021, 10:05:31",,หญิง,20,ถูกบังคับให้ออก(โดนรีไทร์),คณะเทคนิคการแพทย์,รับตรงร่วมกัน,4,3,โรงเรียนสาธิต,วิทย์-คณิต,2.51 - 3.00,คณิตศาสตร์,ภาษาอังกฤษ,ข้าราชการ,"30,000 - 70,000 บาท","10,000 - 30,000 บาท",5,เคย
"2/4/2021, 10:05:56",,หญิง,22,ลาออกด้วยความสมัครใจ(ซิ่ว),คณะแพทยศาสตร์,รับตรงอิสระ(รอบเก็บตก),3,4,โรงเรียนสาธิต,วิทย์-คณิต,2.51 - 3.00,คณิตศาสตร์,คณิตศาสตร์,เกษตรกร,"30,000 - 70,000 บาท","10,000 - 30,000 บาท",2,เคย
"2/4/2021, 10:06:25",,หญิง,22,ถูกบังคับให้ออก(โดนรีไทร์),คณะศิลปกรรมศาสตร์,รับตรงร่วมกัน,3,4,โรงเรียนสาธิต,วิทย์-คณิต,2.51 - 3.00,ภาษาอังกฤษ,ภาษาอังกฤษ,ข้าราชการ,"30,000 - 70,000 บาท","10,000 - 30,000 บาท",3,ไม่เคย
"2/4/2021, 10:06:57",,หญิง,22,ถูกบังคับให้ออก(โดนรีไทร์),คณะครุศาสตร์อุตสาหกรรม,Admission,4,2,โรงเรียนเอกชน,วิทย์-คณิต,2.00 - 2.50,วิทยาศาสตร์,คณิตศาสตร์,พนักงานบริษัท,"30,000 - 70,000 บาท","มากกว่า 30,000 บาท",4,ไม่เคย
"2/4/2021, 10:08:11",,หญิง,22,ถูกบังคับให้ออก(โดนรีไทร์),คณะเภสัชศาสตร์,รับตรงร่วมกัน,4,2,โรงเรียนสาธิต,วิทย์-คณิต,2.51 - 3.00,ศิลปะ,สังคมศึกษา,พนักงานบริษัท,"มากกว่า 70,000 บาท","น้อยกว่า 10,000 บาท",3,เคย
"2/4/2021, 10:08:41",,หญิง,21,ถูกบังคับให้ออก(โดนรีไทร์),คณะวิศวกรรมศาสตร์,โควต้า,2,5,โรงเรียนสาธิต,ศิลป์,2.51 - 3.00,คณิตศาสตร์,ภาษาอังกฤษ,ข้าราชการ,"30,000 - 70,000 บาท","10,000 - 30,000 บาท",2,ไม่เคย
"2/4/2021, 10:09:06",,หญิง,22,ถูกบังคับให้ออก(โดนรีไทร์),คณะเภสัชศาสตร์,รับตรงร่วมกัน,3,4,โรงเรียนสาธิต,ศิลป์,2.00 - 2.50,ภาษาอังกฤษ,สังคมศึกษา,พนักงานรับจ้าง,"30,000 - 70,000 บาท","10,000 - 30,000 บาท",2,ไม่เคย
"2/4/2021, 10:09:29",,หญิง,21,ถูกบังคับให้ออก(โดนรีไทร์),คณะสังคมศาสตร์,Admission,4,2,โรงเรียนสาธิต,วิทย์-คณิต,2.00 - 2.50,คณิตศาสตร์,ภาษาอังกฤษ,ข้าราชการ,"30,000 - 70,000 บาท","น้อยกว่า 10,000 บาท",3,เคย
"2/4/2021, 10:09:52",,หญิง,22,ถูกบังคับให้ออก(โดนรีไทร์),คณะเกษตรศาสตร์,รับตรงร่วมกัน,3,2,โรงเรียนสาธิต,ศิลป์,2.51 - 3.00,คณิตศาสตร์,คณิตศาสตร์,เกษตรกร,"30,000 - 70,000 บาท","10,000 - 30,000 บาท",2,เคย
"2/4/2021, 10:10:23",,หญิง,22,ถูกบังคับให้ออก(โดนรีไทร์),คณะนิติศาสตร์,รับตรงร่วมกัน,3,5,โรงเรียนสาธิต,วิทย์-คณิต,2.00 - 2.50,ภาษาอังกฤษ,ภาษาอังกฤษ,ข้าราชการ,"30,000 - 70,000 บาท","10,000 - 30,000 บาท",2,เคย
"2/4/2021, 10:10:50",,ชาย,20,ถูกบังคับให้ออก(โดนรีไทร์),คณะวิศวกรรมศาสตร์,รับตรงร่วมกัน,4,2,โรงเรียนสาธิต,ศิลป์,2.00 - 2.50,ภาษาอังกฤษ,คณิตศาสตร์,เกษตรกร,"30,000 - 70,000 บาท","10,000 - 30,000 บาท",2,เคย
"2/4/2021, 10:11:15",,หญิง,22,ถูกบังคับให้ออก(โดนรีไทร์),คณะบริหารธุรกิจและการบัญชี,รับตรงร่วมกัน,4,3,โรงเรียนสาธิต,ศิลป์,3.01 - 3.50,ภาษาอังกฤษ,ภาษาอังกฤษ,เกษตรกร,"มากกว่า 70,000 บาท","10,000 - 30,000 บาท",2,ไม่เคย
"2/4/2021, 10:12:16",,หญิง,19,ถูกบังคับให้ออก(โดนรีไทร์),คณะมนุษยศาสตร์,รับตรงร่วมกัน,3,2,โรงเรียนสาธิต,ศิลป์,3.01 - 3.50,ภาษาอังกฤษ,คณิตศาสตร์,ข้าราชการ,"30,000 - 70,000 บาท","10,000 - 30,000 บาท",2,ไม่เคย
"2/4/2021, 11:02:32",,ชาย,18,ลาออกด้วยความสมัครใจ(ซิ่ว),คณะวิทยาศาสตร์,รับตรงร่วมกัน,4,2,โรงเรียนรัฐบาล,วิทย์-คณิต,> 3.50,วิทยาศาสตร์,ภาษาอังกฤษ,อื่นๆ,"30,000 - 70,000 บาท","10,000 - 30,000 บาท",3,ไม่เคย
"2/4/2021, 11:03:07",,หญิง,19,ลาออกด้วยความสมัครใจ(ซิ่ว),คณะเกษตรศาสตร์,โควต้า,4,2,โรงเรียนรัฐบาล,วิทย์-คณิต,3.01 - 3.50,วิทยาศาสตร์,อื่นๆ,เกษตรกร,"น้อยกว่า 30,000 บาท","น้อยกว่า 10,000 บาท",2,เคย
"2/4/2021, 11:03:43",,หญิง,20,ถูกบังคับให้ออก(โดนรีไทร์),คณะเกษตรศาสตร์,Portfolio,5,2,โรงเรียนรัฐบาล,วิทย์-คณิต,> 3.50,คณิตศาสตร์,ศิลปะ,พนักงานรับจ้าง,"น้อยกว่า 30,000 บาท","น้อยกว่า 10,000 บาท",3,เคย
"2/4/2021, 11:04:13",,เพศทางเลือก,22,ลาออกด้วยความสมัครใจ(ซิ่ว),คณะเภสัชศาสตร์,รับตรงร่วมกัน,4,3,โรงเรียนรัฐบาล,วิทย์-คณิต,2.51 - 3.00,ภาษาอังกฤษ,ศิลปะ,พนักงานรับจ้าง,"น้อยกว่า 30,000 บาท","น้อยกว่า 10,000 บาท",2,เคย
"2/4/2021, 11:04:50",,ชาย,18,ลาออกด้วยความสมัครใจ(ซิ่ว),อื่นๆ,Portfolio,4,3,โรงเรียนรัฐบาล,วิทย์-คณิต,3.01 - 3.50,ภาษาอังกฤษ,สังคมศึกษา,ธุรกิจส่วนตัว,"30,000 - 70,000 บาท","10,000 - 30,000 บาท",1,ไม่เคย
"2/4/2021, 11:26:40",,ชาย,18,ลาออกด้วยความสมัครใจ(ซิ่ว),คณะสถาปัตยกรรมศาสตร์,รับตรงร่วมกัน,4,2,โรงเรียนสาธิต,วิทย์-คณิต,2.51 - 3.00,ภาษาอังกฤษ,คณิตศาสตร์,พนักงานบริษัท,"น้อยกว่า 30,000 บาท","น้อยกว่า 10,000 บาท",4,ไม่เคย
"2/4/2021, 11:27:10",,ชาย,19,ลาออกด้วยความสมัครใจ(ซิ่ว),คณะแพทยศาสตร์,รับตรงร่วมกัน,3,1,โรงเรียนสาธิต,วิทย์-คณิต,2.51 - 3.00,คณิตศาสตร์,สังคมศึกษา,ข้าราชการ,"30,000 - 70,000 บาท","น้อยกว่า 10,000 บาท",2,ไม่เคย
"2/4/2021, 11:27:46",,ชาย,19,ถูกบังคับให้ออก(โดนรีไทร์),อื่นๆ,อื่นๆ,4,4,โรงเรียนรัฐบาล,วิทย์-คณิต,2.00 - 2.50,คณิตศาสตร์,ภาษาอังกฤษ,ข้าราชการ,"30,000 - 70,000 บาท","10,000 - 30,000 บาท",2,ไม่เคย
"2/4/2021, 11:28:19",,เพศทางเลือก,19,ลาออกด้วยความสมัครใจ(ซิ่ว),คณะเภสัชศาสตร์,Admission,4,4,โรงเรียนสาธิต,วิทย์-คณิต,2.00 - 2.50,ศิลปะ,ภาษาอังกฤษ,พนักงานบริษัท,"30,000 - 70,000 บาท","น้อยกว่า 10,000 บาท",3,ไม่เคย
"2/4/2021, 11:28:50",,ชาย,20,ถูกบังคับให้ออก(โดนรีไทร์),คณะครุศาสตร์อุตสาหกรรม,รับตรงร่วมกัน,4,2,โรงเรียนรัฐบาล,วิทย์-คณิต,2.51 - 3.00,อื่นๆ,ศิลปะ,พนักงานบริษัท,"30,000 - 70,000 บาท","น้อยกว่า 10,000 บาท",3,ไม่เคย
"2/4/2021, 11:29:19",,หญิง,20,ถูกบังคับให้ออก(โดนรีไทร์),คณะบริหารธุรกิจและการบัญชี,รับตรงร่วมกัน,3,1,โรงเรียนรัฐบาล,วิทย์-คณิต,> 3.50,ภาษาอังกฤษ,อื่นๆ,ธุรกิจส่วนตัว,"30,000 - 70,000 บาท","10,000 - 30,000 บาท",2,ไม่เคย
"2/4/2021, 11:47:17",,หญิง,20,ลาออกด้วยความสมัครใจ(ซิ่ว),คณะวิทยาศาสตร์,Admission,4,2,โรงเรียนเอกชน,วิทย์-คณิต,2.51 - 3.00,คณิตศาสตร์,สังคมศึกษา,พนักงานบริษัท,"30,000 - 70,000 บาท","10,000 - 30,000 บาท",1,ไม่เคย
"2/4/2021, 11:47:45",,หญิง,20,ถูกบังคับให้ออก(โดนรีไทร์),คณะรัฐศาสตร์,โควต้า,4,2,โรงเรียนรัฐบาล,วิทย์-คณิต,2.51 - 3.00,สังคมศึกษา,คณิตศาสตร์,เกษตรกร,"น้อยกว่า 30,000 บาท","น้อยกว่า 10,000 บาท",4,เคย
"2/4/2021, 11:48:25",,หญิง,20,ลาออกด้วยความสมัครใจ(ซิ่ว),คณะวิทยาศาสตร์,รับตรงร่วมกัน,3,1,โรงเรียนสาธิต,วิทย์-คณิต,2.51 - 3.00,ภาษาอังกฤษ,สังคมศึกษา,ข้าราชการ,"30,000 - 70,000 บาท","10,000 - 30,000 บาท",2,ไม่เคย
"2/4/2021, 11:49:01",,เพศทางเลือก,20,ถูกบังคับให้ออก(โดนรีไทร์),คณะสังคมศาสตร์,Portfolio,4,2,โรงเรียนรัฐบาล,ศิลป์,2.51 - 3.00,ภาษาอังกฤษ,ศิลปะ,ข้าราชการ,"30,000 - 70,000 บาท","น้อยกว่า 10,000 บาท",1,ไม่เคย
"2/4/2021, 11:49:37",,หญิง,18,ลาออกด้วยความสมัครใจ(ซิ่ว),คณะเทคโนโลยีสารสนเทศ,รับตรงร่วมกัน,4,2,โรงเรียนรัฐบาล,วิทย์-คณิต,2.51 - 3.00,ภาษาอังกฤษ,สังคมศึกษา,พนักงานรับจ้าง,"30,000 - 70,000 บาท","น้อยกว่า 10,000 บาท",3,ไม่เคย
"2/4/2021, 11:50:21",,ชาย,20,ถูกบังคับให้ออก(โดนรีไทร์),คณะเศรษฐศาสตร์,รับตรงร่วมกัน,4,3,โรงเรียนสาธิต,วิทย์-คณิต,2.51 - 3.00,คณิตศาสตร์,สังคมศึกษา,พนักงานบริษัท,"30,000 - 70,000 บาท","10,000 - 30,000 บาท",2,ไม่เคย
"2/4/2021, 11:51:10",,ชาย,21,ถูกบังคับให้ออก(โดนรีไทร์),คณะสังคมศาสตร์,รับตรงร่วมกัน,5,3,โรงเรียนสาธิต,วิทย์-คณิต,2.51 - 3.00,ภาษาอังกฤษ,ศิลปะ,ข้าราชการ,"30,000 - 70,000 บาท","น้อยกว่า 10,000 บาท",4,ไม่เคย
"2/4/2021, 11:51:42",,เพศทางเลือก,20,ลาออกด้วยความสมัครใจ(ซิ่ว),คณะครุศาสตร์อุตสาหกรรม,Admission,4,3,โรงเรียนรัฐบาล,วิทย์-คณิต,2.51 - 3.00,ภาษาอังกฤษ,สังคมศึกษา,ธุรกิจส่วนตัว,"30,000 - 70,000 บาท","10,000 - 30,000 บาท",3,ไม่เคย
"2/4/2021, 11:52:13",,เพศทางเลือก,18,ถูกบังคับให้ออก(โดนรีไทร์),คณะเทคโนโลยีสารสนเทศ,โควต้า,5,2,โรงเรียนรัฐบาล,วิทย์-คณิต,2.51 - 3.00,อื่นๆ,อื่นๆ,เกษตรกร,"น้อยกว่า 30,000 บาท","น้อยกว่า 10,000 บาท",2,เคย
"2/4/2021, 11:52:42",,หญิง,18,ถูกบังคับให้ออก(โดนรีไทร์),คณะวิศวกรรมศาสตร์,Admission,4,3,โรงเรียนรัฐบาล,วิทย์-คณิต,2.00 - 2.50,ภาษาอังกฤษ,สังคมศึกษา,เกษตรกร,"น้อยกว่า 30,000 บาท","น้อยกว่า 10,000 บาท",3,ไม่เคย
"2/4/2021, 12:40:50",,ชาย,18,ถูกบังคับให้ออก(โดนรีไทร์),คณะวิศวกรรมศาสตร์,รับตรงร่วมกัน,5,3,โรงเรียนสาธิต,วิทย์-คณิต,2.51 - 3.00,คณิตศาสตร์,สังคมศึกษา,เกษตรกร,"น้อยกว่า 30,000 บาท","น้อยกว่า 10,000 บาท",2,เคย
"2/4/2021, 12:41:33",,หญิง,19,ลาออกด้วยความสมัครใจ(ซิ่ว),คณะแพทยศาสตร์,โควต้า,5,4,โรงเรียนรัฐบาล,วิทย์-คณิต,2.51 - 3.00,ภาษาอังกฤษ,ภาษาอังกฤษ,พนักงานบริษัท,"30,000 - 70,000 บาท","น้อยกว่า 10,000 บาท",3,ไม่เคย
"2/4/2021, 12:42:12",,หญิง,18,ลาออกด้วยความสมัครใจ(ซิ่ว),คณะแพทยศาสตร์,รับตรงร่วมกัน,4,2,โรงเรียนรัฐบาล,วิทย์-คณิต,3.01 - 3.50,วิทยาศาสตร์,สังคมศึกษา,พนักงานบริษัท,"30,000 - 70,000 บาท","น้อยกว่า 10,000 บาท",3,ไม่เคย
"2/4/2021, 12:42:45",,หญิง,18,ถูกบังคับให้ออก(โดนรีไทร์),คณะบริหารธุรกิจและการบัญชี,รับตรงร่วมกัน,4,3,โรงเรียนสาธิต,วิทย์-คณิต,2.51 - 3.00,ภาษาอังกฤษ,สังคมศึกษา,พนักงานบริษัท,"30,000 - 70,000 บาท","10,000 - 30,000 บาท",4,ไม่เคย
"2/4/2021, 12:43:24",,ชาย,20,ลาออกด้วยความสมัครใจ(ซิ่ว),คณะครุศาสตร์อุตสาหกรรม,Portfolio,4,3,โรงเรียนรัฐบาล,ศิลป์,2.51 - 3.00,คณิตศาสตร์,ภาษาอังกฤษ,เกษตรกร,"น้อยกว่า 30,000 บาท","น้อยกว่า 10,000 บาท",4,เคย
"2/4/2021, 12:43:53",,ชาย,20,ถูกบังคับให้ออก(โดนรีไทร์),คณะรัฐศาสตร์,Portfolio,4,3,โรงเรียนเอกชน,วิทย์-คณิต,2.51 - 3.00,คณิตศาสตร์,สังคมศึกษา,พนักงานบริษัท,"30,000 - 70,000 บาท","น้อยกว่า 10,000 บาท",4,ไม่เคย
"2/4/2021, 12:44:20",,ชาย,20,ลาออกด้วยความสมัครใจ(ซิ่ว),คณะนิเทศศาสตร์,รับตรงร่วมกัน,4,5,โรงเรียนสาธิต,วิทย์-คณิต,2.51 - 3.00,ภาษาอังกฤษ,สังคมศึกษา,เกษตรกร,"น้อยกว่า 30,000 บาท","น้อยกว่า 10,000 บาท",2,เคย
"2/4/2021, 12:44:51",,ชาย,22,ถูกบังคับให้ออก(โดนรีไทร์),คณะนิเทศศาสตร์,รับตรงร่วมกัน,5,3,โรงเรียนสาธิต,วิทย์-คณิต,2.51 - 3.00,ภาษาอังกฤษ,คณิตศาสตร์,ธุรกิจส่วนตัว,"30,000 - 70,000 บาท","10,000 - 30,000 บาท",4,ไม่เคย
"2/4/2021, 12:45:21",,ชาย,20,ลาออกด้วยความสมัครใจ(ซิ่ว),อื่นๆ,อื่นๆ,5,2,โรงเรียนเอกชน,วิทย์-คณิต,> 3.50,อื่นๆ,อื่นๆ,ธุรกิจส่วนตัว,"30,000 - 70,000 บาท","10,000 - 30,000 บาท",3,ไม่เคย
"2/4/2021, 13:00:42",,ชาย,18,ลาออกด้วยความสมัครใจ(ซิ่ว),คณะรัฐศาสตร์,Portfolio,4,3,โรงเรียนรัฐบาล,วิทย์-คณิต,2.51 - 3.00,สังคมศึกษา,ศิลปะ,ข้าราชการ,"30,000 - 70,000 บาท","10,000 - 30,000 บาท",4,ไม่เคย
"2/4/2021, 13:01:11",,หญิง,18,ลาออกด้วยความสมัครใจ(ซิ่ว),คณะมนุษยศาสตร์,Admission,5,3,โรงเรียนสาธิต,วิทย์-คณิต,2.51 - 3.00,สังคมศึกษา,อื่นๆ,เกษตรกร,"น้อยกว่า 30,000 บาท","น้อยกว่า 10,000 บาท",4,เคย
"2/4/2021, 13:01:40",,หญิง,20,ถูกบังคับให้ออก(โดนรีไทร์),คณะสถาปัตยกรรมศาสตร์,Admission,5,2,โรงเรียนรัฐบาล,ศิลป์,2.51 - 3.00,ศิลปะ,อื่นๆ,ธุรกิจส่วนตัว,"30,000 - 70,000 บาท","10,000 - 30,000 บาท",2,ไม่เคย
"2/4/2021, 13:02:08",,เพศทางเลือก,18,ถูกบังคับให้ออก(โดนรีไทร์),คณะรัฐศาสตร์,รับตรงอิสระ(รอบเก็บตก),5,4,โรงเรียนรัฐบาล,วิทย์-คณิต,2.00 - 2.50,คณิตศาสตร์,สังคมศึกษา,เกษตรกร,"น้อยกว่า 30,000 บาท","น้อยกว่า 10,000 บาท",3,ไม่เคย
"2/4/2021, 13:02:40",,ชาย,21,ถูกบังคับให้ออก(โดนรีไทร์),คณะสถาปัตยกรรมศาสตร์,โควต้า,5,4,โรงเรียนรัฐบาล,วิทย์-คณิต,3.01 - 3.50,ศิลปะ,สังคมศึกษา,พนักงานบริษัท,"30,000 - 70,000 บาท","น้อยกว่า 10,000 บาท",2,ไม่เคย
"2/4/2021, 13:06:40",,หญิง,19,ลาออกด้วยความสมัครใจ(ซิ่ว),คณะบริหารธุรกิจและการบัญชี,Admission,5,1,โรงเรียนสาธิต,วิทย์-คณิต,2.00 - 2.50,คณิตศาสตร์,สังคมศึกษา,ข้าราชการ,"30,000 - 70,000 บาท","10,000 - 30,000 บาท",3,ไม่เคย
"2/4/2021, 13:07:11",,หญิง,19,ลาออกด้วยความสมัครใจ(ซิ่ว),คณะเภสัชศาสตร์,รับตรงอิสระ(รอบเก็บตก),2,2,โรงเรียนสาธิต,วิทย์-คณิต,2.51 - 3.00,คณิตศาสตร์,สังคมศึกษา,พนักงานบริษัท,"30,000 - 70,000 บาท","10,000 - 30,000 บาท",2,ไม่เคย
"2/4/2021, 13:07:59",,หญิง,19,ลาออกด้วยความสมัครใจ(ซิ่ว),คณะแพทยศาสตร์,โควต้า,5,1,โรงเรียนรัฐบาล,วิทย์-คณิต,> 3.50,คณิตศาสตร์,สังคมศึกษา,พนักงานรับจ้าง,"น้อยกว่า 30,000 บาท","น้อยกว่า 10,000 บาท",2,เคย
"2/4/2021, 13:08:29",,หญิง,18,ถูกบังคับให้ออก(โดนรีไทร์),คณะนิติศาสตร์,รับตรงร่วมกัน,5,4,โรงเรียนรัฐบาล,ศิลป์,2.51 - 3.00,ภาษาอังกฤษ,ศิลปะ,เกษตรกร,"น้อยกว่า 30,000 บาท","น้อยกว่า 10,000 บาท",4,เคย
"2/4/2021, 13:09:02",,ชาย,18,ลาออกด้วยความสมัครใจ(ซิ่ว),คณะวิทยาศาสตร์,รับตรงอิสระ(รอบเก็บตก),4,2,โรงเรียนรัฐบาล,ศิลป์,2.51 - 3.00,คณิตศาสตร์,ศิลปะ,เกษตรกร,"30,000 - 70,000 บาท","น้อยกว่า 10,000 บาท",3,ไม่เคย
"2/4/2021, 13:09:52",,หญิง,20,ลาออกด้วยความสมัครใจ(ซิ่ว),คณะเศรษฐศาสตร์,รับตรงร่วมกัน,3,2,โรงเรียนรัฐบาล,วิทย์-คณิต,3.01 - 3.50,สังคมศึกษา,วิทยาศาสตร์,พนักงานบริษัท,"30,000 - 70,000 บาท","10,000 - 30,000 บาท",1,ไม่เคย
"2/4/2021, 13:10:42",,ชาย,19,ลาออกด้วยความสมัครใจ(ซิ่ว),คณะมนุษยศาสตร์,อื่นๆ,5,2,โรงเรียนรัฐบาล,วิทย์-คณิต,3.01 - 3.50,สังคมศึกษา,คณิตศาสตร์,พนักงานบริษัท,"30,000 - 70,000 บาท","10,000 - 30,000 บาท",4,ไม่เคย
"2/4/2021, 13:11:41",,หญิง,20,ถูกบังคับให้ออก(โดนรีไทร์),คณะเภสัชศาสตร์,Portfolio,3,1,โรงเรียนรัฐบาล,วิทย์-คณิต,3.01 - 3.50,วิทยาศาสตร์,สังคมศึกษา,เกษตรกร,"น้อยกว่า 30,000 บาท","น้อยกว่า 10,000 บาท",3,เคย
"2/4/2021, 13:12:23",,หญิง,20,ลาออกด้วยความสมัครใจ(ซิ่ว),คณะเทคนิคการแพทย์,รับตรงร่วมกัน,4,3,โรงเรียนรัฐบาล,วิทย์-คณิต,2.51 - 3.00,ภาษาอังกฤษ,สังคมศึกษา,ข้าราชการ,"30,000 - 70,000 บาท","10,000 - 30,000 บาท",2,ไม่เคย
"2/4/2021, 13:12:55",,เพศทางเลือก,20,ถูกบังคับให้ออก(โดนรีไทร์),คณะบริหารธุรกิจและการบัญชี,รับตรงอิสระ(รอบเก็บตก),4,3,โรงเรียนสาธิต,วิทย์-คณิต,2.51 - 3.00,ภาษาอังกฤษ,อื่นๆ,ข้าราชการ,"30,000 - 70,000 บาท","10,000 - 30,000 บาท",2,ไม่เคย
"2/4/2021, 13:14:24",,หญิง,20,ลาออกด้วยความสมัครใจ(ซิ่ว),คณะวิทยาศาสตร์,โควต้า,3,3,โรงเรียนรัฐบาล,วิทย์-คณิต,3.01 - 3.50,วิทยาศาสตร์,อื่นๆ,เกษตรกร,"น้อยกว่า 30,000 บาท","น้อยกว่า 10,000 บาท",3,เคย
"2/4/2021, 13:14:51",,เพศทางเลือก,21,ลาออกด้วยความสมัครใจ(ซิ่ว),คณะบริหารธุรกิจและการบัญชี,Portfolio,4,4,โรงเรียนรัฐบาล,วิทย์-คณิต,2.00 - 2.50,คณิตศาสตร์,ภาษาอังกฤษ,ธุรกิจส่วนตัว,"30,000 - 70,000 บาท","10,000 - 30,000 บาท",2,ไม่เคย
"2/4/2021, 13:15:21",,ชาย,18,ลาออกด้วยความสมัครใจ(ซิ่ว),คณะเกษตรศาสตร์,Admission,4,3,โรงเรียนรัฐบาล,วิทย์-คณิต,2.51 - 3.00,คณิตศาสตร์,สังคมศึกษา,ธุรกิจส่วนตัว,"30,000 - 70,000 บาท","10,000 - 30,000 บาท",1,ไม่เคย
"2/4/2021, 13:15:51",,หญิง,19,ถูกบังคับให้ออก(โดนรีไทร์),คณะครุศาสตร์อุตสาหกรรม,โควต้า,5,4,โรงเรียนรัฐบาล,วิทย์-คณิต,3.01 - 3.50,คณิตศาสตร์,ภาษาอังกฤษ,พนักงานบริษัท,"30,000 - 70,000 บาท","10,000 - 30,000 บาท",1,ไม่เคย
"2/4/2021, 13:16:17",,หญิง,19,ลาออกด้วยความสมัครใจ(ซิ่ว),คณะนิเทศศาสตร์,Admission,4,3,โรงเรียนสาธิต,วิทย์-คณิต,2.00 - 2.50,ภาษาอังกฤษ,ศิลปะ,ข้าราชการ,"30,000 - 70,000 บาท","10,000 - 30,000 บาท",1,ไม่เคย
"2/4/2021, 13:16:49",,ชาย,19,ถูกบังคับให้ออก(โดนรีไทร์),คณะวิทยาศาสตร์,Admission,3,3,โรงเรียนรัฐบาล,วิทย์-คณิต,3.01 - 3.50,วิทยาศาสตร์,อื่นๆ,อื่นๆ,"น้อยกว่า 30,000 บาท","น้อยกว่า 10,000 บาท",3,เคย
"2/4/2021, 13:17:22",,เพศทางเลือก,20,ถูกบังคับให้ออก(โดนรีไทร์),คณะเภสัชศาสตร์,Admission,5,3,โรงเรียนเอกชน,วิทย์-คณิต,2.51 - 3.00,วิทยาศาสตร์,ภาษาอังกฤษ,พนักงานรับจ้าง,"น้อยกว่า 30,000 บาท","น้อยกว่า 10,000 บาท",5,เคย
"3/4/2021, 14:54:30",,หญิง,18,ลาออกด้วยความสมัครใจ(ซิ่ว),คณะวิศวกรรมศาสตร์,โควต้า,3,1,โรงเรียนสาธิต,วิทย์-คณิต,2.51 - 3.00,คณิตศาสตร์,อื่นๆ,พนักงานรับจ้าง,"น้อยกว่า 30,000 บาท","น้อยกว่า 10,000 บาท",3,เคย
"3/4/2021, 14:58:46",,ชาย,20,ถูกบังคับให้ออก(โดนรีไทร์),คณะเกษตรศาสตร์,Admission,3,1,โรงเรียนรัฐบาล,ศิลป์,2.51 - 3.00,อื่นๆ,อื่นๆ,อื่นๆ,"น้อยกว่า 30,000 บาท","น้อยกว่า 10,000 บาท",4,เคย
"3/4/2021, 14:59:35",,ชาย,22,ถูกบังคับให้ออก(โดนรีไทร์),คณะเทคโนโลยีสารสนเทศ,รับตรงร่วมกัน,4,2,โรงเรียนรัฐบาล,วิทย์-คณิต,2.51 - 3.00,อื่นๆ,วิทยาศาสตร์,พนักงานรับจ้าง,"น้อยกว่า 30,000 บาท","น้อยกว่า 10,000 บาท",2,เคย
"3/4/2021, 15:06:48",,เพศทางเลือก,18,ลาออกด้วยความสมัครใจ(ซิ่ว),คณะเภสัชศาสตร์,Admission,4,5,โรงเรียนรัฐบาล,วิทย์-คณิต,2.51 - 3.00,สังคมศึกษา,ภาษาอังกฤษ,เกษตรกร,"น้อยกว่า 30,000 บาท","น้อยกว่า 10,000 บาท",2,เคย
"3/4/2021, 15:08:41",,ชาย,20,ลาออกด้วยความสมัครใจ(ซิ่ว),คณะสังคมศาสตร์,รับตรงร่วมกัน,4,3,โรงเรียนเอกชน,วิทย์-คณิต,3.01 - 3.50,อื่นๆ,ศิลปะ,เกษตรกร,"น้อยกว่า 30,000 บาท","น้อยกว่า 10,000 บาท",3,ไม่เคย
"3/4/2021, 15:22:41",,ชาย,20,ลาออกด้วยความสมัครใจ(ซิ่ว),คณะนิติศาสตร์,รับตรงร่วมกัน,4,3,โรงเรียนรัฐบาล,วิทย์-คณิต,2.51 - 3.00,ภาษาอังกฤษ,สังคมศึกษา,พนักงานบริษัท,"30,000 - 70,000 บาท","10,000 - 30,000 บาท",3,ไม่เคย
"3/4/2021, 15:23:31",,หญิง,20,ลาออกด้วยความสมัครใจ(ซิ่ว),คณะแพทยศาสตร์,รับตรงร่วมกัน,5,2,โรงเรียนรัฐบาล,วิทย์-คณิต,> 3.50,วิทยาศาสตร์,ศิลปะ,ธุรกิจส่วนตัว,"30,000 - 70,000 บาท","10,000 - 30,000 บาท",2,ไม่เคย
"3/4/2021, 15:24:26",,ชาย,18,ถูกบังคับให้ออก(โดนรีไทร์),คณะบริหารธุรกิจและการบัญชี,รับตรงอิสระ(รอบเก็บตก),4,3,โรงเรียนรัฐบาล,วิทย์-คณิต,3.01 - 3.50,อื่นๆ,อื่นๆ,พนักงานบริษัท,"30,000 - 70,000 บาท","น้อยกว่า 10,000 บาท",2,ไม่เคย
"3/4/2021, 15:25:38",,หญิง,20,ลาออกด้วยความสมัครใจ(ซิ่ว),คณะศิลปกรรมศาสตร์,โควต้า,5,3,โรงเรียนรัฐบาล,ศิลป์,3.01 - 3.50,ศิลปะ,อื่นๆ,พนักงานรับจ้าง,"30,000 - 70,000 บาท","น้อยกว่า 10,000 บาท",2,ไม่เคย
"3/4/2021, 15:26:17",,หญิง,20,ลาออกด้วยความสมัครใจ(ซิ่ว),คณะเกษตรศาสตร์,รับตรงร่วมกัน,4,2,โรงเรียนเอกชน,ศิลป์,3.01 - 3.50,ภาษาอังกฤษ,สังคมศึกษา,เกษตรกร,"30,000 - 70,000 บาท","น้อยกว่า 10,000 บาท",3,ไม่เคย
"3/4/2021, 15:26:57",,เพศทางเลือก,10,ถูกบังคับให้ออก(โดนรีไทร์),คณะบริหารธุรกิจและการบัญชี,Admission,4,2,โรงเรียนสาธิต,ศิลป์,2.00 - 2.50,คณิตศาสตร์,ภาษาอังกฤษ,ข้าราชการ,"30,000 - 70,000 บาท","น้อยกว่า 10,000 บาท",2,ไม่เคย
"3/4/2021, 15:27:39",,หญิง,18,ถูกบังคับให้ออก(โดนรีไทร์),คณะวิศวกรรมศาสตร์,รับตรงร่วมกัน,4,3,โรงเรียนเอกชน,วิทย์-คณิต,2.51 - 3.00,สังคมศึกษา,ภาษาอังกฤษ,พนักงานรับจ้าง,"น้อยกว่า 30,000 บาท","น้อยกว่า 10,000 บาท",2,เคย
"3/4/2021, 15:28:19",,หญิง,18,ลาออกด้วยความสมัครใจ(ซิ่ว),คณะวิศวกรรมศาสตร์,Portfolio,4,3,โรงเรียนรัฐบาล,วิทย์-คณิต,3.01 - 3.50,ภาษาอังกฤษ,ภาษาอังกฤษ,พนักงานบริษัท,"30,000 - 70,000 บาท","10,000 - 30,000 บาท",4,ไม่เคย
"3/4/2021, 15:28:48",,ชาย,18,ถูกบังคับให้ออก(โดนรีไทร์),คณะสถาปัตยกรรมศาสตร์,รับตรงร่วมกัน,4,3,โรงเรียนสาธิต,วิทย์-คณิต,2.51 - 3.00,ภาษาอังกฤษ,สังคมศึกษา,ข้าราชการ,"30,000 - 70,000 บาท","10,000 - 30,000 บาท",2,ไม่เคย
"3/4/2021, 15:29:21",,ชาย,19,ลาออกด้วยความสมัครใจ(ซิ่ว),คณะแพทยศาสตร์,Admission,5,1,โรงเรียนรัฐบาล,วิทย์-คณิต,> 3.50,วิทยาศาสตร์,ศิลปะ,ธุรกิจส่วนตัว,"30,000 - 70,000 บาท","10,000 - 30,000 บาท",3,ไม่เคย
"3/4/2021, 15:29:54",,เพศทางเลือก,22,ถูกบังคับให้ออก(โดนรีไทร์),คณะวิศวกรรมศาสตร์,Admission,4,3,โรงเรียนรัฐบาล,วิทย์-คณิต,2.51 - 3.00,คณิตศาสตร์,ภาษาอังกฤษ,ข้าราชการ,"30,000 - 70,000 บาท","10,000 - 30,000 บาท",4,ไม่เคย
"3/4/2021, 15:30:30",,หญิง,20,ถูกบังคับให้ออก(โดนรีไทร์),คณะนิติศาสตร์,Admission,4,3,โรงเรียนรัฐบาล,วิทย์-คณิต,3.01 - 3.50,ภาษาอังกฤษ,สังคมศึกษา,พนักงานบริษัท,"30,000 - 70,000 บาท","10,000 - 30,000 บาท",2,ไม่เคย
"3/4/2021, 15:31:05",,หญิง,19,ลาออกด้วยความสมัครใจ(ซิ่ว),คณะสังคมศาสตร์,Admission,5,2,โรงเรียนรัฐบาล,วิทย์-คณิต,3.01 - 3.50,สังคมศึกษา,วิทยาศาสตร์,ข้าราชการ,"น้อยกว่า 30,000 บาท","น้อยกว่า 10,000 บาท",1,ไม่เคย
"3/4/2021, 15:31:36",,หญิง,20,ลาออกด้วยความสมัครใจ(ซิ่ว),คณะบริหารธุรกิจและการบัญชี,Portfolio,4,3,โรงเรียนรัฐบาล,วิทย์-คณิต,2.51 - 3.00,คณิตศาสตร์,ภาษาอังกฤษ,พนักงานบริษัท,"น้อยกว่า 30,000 บาท","น้อยกว่า 10,000 บาท",1,ไม่เคย
"3/4/2021, 15:32:03",,หญิง,20,ถูกบังคับให้ออก(โดนรีไทร์),คณะบริหารธุรกิจและการบัญชี,Admission,4,3,โรงเรียนเอกชน,วิทย์-คณิต,2.51 - 3.00,ภาษาอังกฤษ,ศิลปะ,เกษตรกร,"น้อยกว่า 30,000 บาท","น้อยกว่า 10,000 บาท",3,เคย
"3/4/2021, 15:32:32",,ชาย,20,ถูกบังคับให้ออก(โดนรีไทร์),คณะสังคมศาสตร์,รับตรงอิสระ(รอบเก็บตก),4,3,โรงเรียนเอกชน,วิทย์-คณิต,2.51 - 3.00,สังคมศึกษา,ศิลปะ,อื่นๆ,"น้อยกว่า 30,000 บาท","10,000 - 30,000 บาท",2,เคย
"3/4/2021, 15:33:12",,หญิง,19,ลาออกด้วยความสมัครใจ(ซิ่ว),คณะครุศาสตร์อุตสาหกรรม,รับตรงร่วมกัน,4,3,โรงเรียนสาธิต,ศิลป์,2.51 - 3.00,อื่นๆ,อื่นๆ,อื่นๆ,"30,000 - 70,000 บาท","10,000 - 30,000 บาท",2,ไม่เคย
"3/4/2021, 15:33:50",,เพศทางเลือก,20,ถูกบังคับให้ออก(โดนรีไทร์),คณะรัฐศาสตร์,โควต้า,5,3,โรงเรียนเอกชน,ศิลป์,3.01 - 3.50,สังคมศึกษา,คณิตศาสตร์,พนักงานบริษัท,"30,000 - 70,000 บาท","10,000 - 30,000 บาท",4,ไม่เคย
"3/4/2021, 15:34:24",,ชาย,18,ถูกบังคับให้ออก(โดนรีไทร์),อื่นๆ,รับตรงร่วมกัน,4,3,โรงเรียนเอกชน,วิทย์-คณิต,3.01 - 3.50,ภาษาอังกฤษ,ศิลปะ,พนักงานรับจ้าง,"มากกว่า 70,000 บาท","มากกว่า 30,000 บาท",2,ไม่เคย
"3/4/2021, 15:34:57",,ชาย,18,ถูกบังคับให้ออก(โดนรีไทร์),คณะเทคโนโลยีสารสนเทศ,รับตรงร่วมกัน,4,3,โรงเรียนเอกชน,วิทย์-คณิต,2.51 - 3.00,อื่นๆ,ภาษาอังกฤษ,พนักงานรับจ้าง,"30,000 - 70,000 บาท","น้อยกว่า 10,000 บาท",2,เคย
"3/4/2021, 15:35:29",,หญิง,18,ถูกบังคับให้ออก(โดนรีไทร์),คณะวิทยาศาสตร์,Portfolio,5,1,โรงเรียนเอกชน,วิทย์-คณิต,3.01 - 3.50,วิทยาศาสตร์,อื่นๆ,พนักงานรับจ้าง,"30,000 - 70,000 บาท","น้อยกว่า 10,000 บาท",2,เคย
"3/4/2021, 15:36:33",,หญิง,20,ถูกบังคับให้ออก(โดนรีไทร์),อื่นๆ,รับตรงอิสระ(รอบเก็บตก),4,4,โรงเรียนรัฐบาล,วิทย์-คณิต,3.01 - 3.50,สังคมศึกษา,ศิลปะ,ข้าราชการ,"30,000 - 70,000 บาท","10,000 - 30,000 บาท",2,ไม่เคย
"3/4/2021, 15:37:01",,ชาย,19,ลาออกด้วยความสมัครใจ(ซิ่ว),คณะเทคนิคการแพทย์,รับตรงร่วมกัน,4,3,โรงเรียนสาธิต,วิทย์-คณิต,> 3.50,คณิตศาสตร์,สังคมศึกษา,เกษตรกร,"น้อยกว่า 30,000 บาท","น้อยกว่า 10,000 บาท",2,เคย
"3/4/2021, 15:37:29",,ชาย,19,ลาออกด้วยความสมัครใจ(ซิ่ว),คณะบริหารธุรกิจและการบัญชี,รับตรงร่วมกัน,4,2,โรงเรียนเอกชน,วิทย์-คณิต,2.51 - 3.00,คณิตศาสตร์,ภาษาอังกฤษ,ข้าราชการ,"30,000 - 70,000 บาท","น้อยกว่า 10,000 บาท",1,ไม่เคย
"3/4/2021, 15:37:56",,หญิง,20,ถูกบังคับให้ออก(โดนรีไทร์),คณะบริหารธุรกิจและการบัญชี,รับตรงร่วมกัน,5,3,โรงเรียนสาธิต,วิทย์-คณิต,3.01 - 3.50,คณิตศาสตร์,ภาษาอังกฤษ,ข้าราชการ,"30,000 - 70,000 บาท","10,000 - 30,000 บาท",4,ไม่เคย
"3/4/2021, 15:38:27",,หญิง,18,ถูกบังคับให้ออก(โดนรีไทร์),คณะสถาปัตยกรรมศาสตร์,รับตรงร่วมกัน,5,3,โรงเรียนรัฐบาล,วิทย์-คณิต,2.51 - 3.00,คณิตศาสตร์,สังคมศึกษา,ข้าราชการ,"30,000 - 70,000 บาท","10,000 - 30,000 บาท",3,ไม่เคย
"3/4/2021, 15:39:05",,หญิง,20,ถูกบังคับให้ออก(โดนรีไทร์),คณะสถาปัตยกรรมศาสตร์,รับตรงอิสระ(รอบเก็บตก),4,3,โรงเรียนสาธิต,ศิลป์,2.51 - 3.00,คณิตศาสตร์,ภาษาอังกฤษ,ข้าราชการ,"30,000 - 70,000 บาท","10,000 - 30,000 บาท",2,เคย
"3/4/2021, 15:39:41",,หญิง,20,ถูกบังคับให้ออก(โดนรีไทร์),คณะเภสัชศาสตร์,รับตรงอิสระ(รอบเก็บตก),4,4,โรงเรียนรัฐบาล,วิทย์-คณิต,2.00 - 2.50,ภาษาอังกฤษ,สังคมศึกษา,เกษตรกร,"30,000 - 70,000 บาท","10,000 - 30,000 บาท",2,เคย
"3/4/2021, 15:40:18",,เพศทางเลือก,19,ถูกบังคับให้ออก(โดนรีไทร์),คณะสถาปัตยกรรมศาสตร์,รับตรงร่วมกัน,5,3,โรงเรียนสาธิต,วิทย์-คณิต,2.51 - 3.00,ภาษาอังกฤษ,สังคมศึกษา,ข้าราชการ,"30,000 - 70,000 บาท","10,000 - 30,000 บาท",2,เคย
"3/4/2021, 15:40:47",,เพศทางเลือก,20,ลาออกด้วยความสมัครใจ(ซิ่ว),คณะครุศาสตร์อุตสาหกรรม,รับตรงอิสระ(รอบเก็บตก),4,4,โรงเรียนสาธิต,วิทย์-คณิต,2.00 - 2.50,คณิตศาสตร์,ภาษาอังกฤษ,ข้าราชการ,"30,000 - 70,000 บาท","มากกว่า 30,000 บาท",20,ไม่เคย
"3/4/2021, 15:41:44",,หญิง,19,ลาออกด้วยความสมัครใจ(ซิ่ว),คณะรัฐศาสตร์,Admission,4,3,โรงเรียนรัฐบาล,ศิลป์,2.51 - 3.00,วิทยาศาสตร์,คณิตศาสตร์,เกษตรกร,"น้อยกว่า 30,000 บาท","10,000 - 30,000 บาท",1,ไม่เคย
"3/4/2021, 15:42:12",,หญิง,19,ลาออกด้วยความสมัครใจ(ซิ่ว),คณะนิเทศศาสตร์,Admission,4,4,โรงเรียนสาธิต,วิทย์-คณิต,2.51 - 3.00,คณิตศาสตร์,ศิลปะ,พนักงานบริษัท,"30,000 - 70,000 บาท","10,000 - 30,000 บาท",2,ไม่เคย
"3/4/2021, 15:42:54",,เพศทางเลือก,22,ถูกบังคับให้ออก(โดนรีไทร์),คณะวิทยาศาสตร์,รับตรงอิสระ(รอบเก็บตก),4,3,โรงเรียนสาธิต,วิทย์-คณิต,2.00 - 2.50,ภาษาอังกฤษ,สังคมศึกษา,ข้าราชการ,"30,000 - 70,000 บาท","10,000 - 30,000 บาท",4,ไม่เคย
"3/4/2021, 15:43:33",,เพศทางเลือก,3,ลาออกด้วยความสมัครใจ(ซิ่ว),คณะรัฐศาสตร์,รับตรงร่วมกัน,5,2,โรงเรียนรัฐบาล,วิทย์-คณิต,2.51 - 3.00,สังคมศึกษา,ศิลปะ,อื่นๆ,"น้อยกว่า 30,000 บาท","น้อยกว่า 10,000 บาท",3,เคย
"3/4/2021, 15:44:06",,หญิง,20,ลาออกด้วยความสมัครใจ(ซิ่ว),คณะนิติศาสตร์,รับตรงอิสระ(รอบเก็บตก),4,2,โรงเรียนสาธิต,วิทย์-คณิต,2.51 - 3.00,ภาษาอังกฤษ,อื่นๆ,อื่นๆ,"30,000 - 70,000 บาท","น้อยกว่า 10,000 บาท",2,เคย
"3/4/2021, 15:44:34",,หญิง,19,ถูกบังคับให้ออก(โดนรีไทร์),คณะนิเทศศาสตร์,Admission,4,3,โรงเรียนสาธิต,วิทย์-คณิต,2.51 - 3.00,คณิตศาสตร์,ภาษาอังกฤษ,ข้าราชการ,"30,000 - 70,000 บาท","10,000 - 30,000 บาท",20,เคย
"3/4/2021, 15:45:03",,หญิง,20,ลาออกด้วยความสมัครใจ(ซิ่ว),คณะแพทยศาสตร์,รับตรงร่วมกัน,4,1,โรงเรียนรัฐบาล,วิทย์-คณิต,> 3.50,วิทยาศาสตร์,ศิลปะ,พนักงานบริษัท,"30,000 - 70,000 บาท","10,000 - 30,000 บาท",1,เคย
"3/4/2021, 15:45:37",,ชาย,19,ลาออกด้วยความสมัครใจ(ซิ่ว),คณะสถาปัตยกรรมศาสตร์,Admission,3,1,โรงเรียนสาธิต,ศิลป์,2.51 - 3.00,คณิตศาสตร์,สังคมศึกษา,เกษตรกร,"30,000 - 70,000 บาท","10,000 - 30,000 บาท",4,ไม่เคย
"3/4/2021, 15:45:59",,หญิง,20,ถูกบังคับให้ออก(โดนรีไทร์),คณะเทคนิคการแพทย์,Admission,4,2,โรงเรียนสาธิต,ศิลป์,2.51 - 3.00,สังคมศึกษา,ศิลปะ,พนักงานบริษัท,"30,000 - 70,000 บาท","น้อยกว่า 10,000 บาท",3,เคย
"3/4/2021, 15:46:41",,หญิง,19,ถูกบังคับให้ออก(โดนรีไทร์),คณะสังคมศาสตร์,รับตรงอิสระ(รอบเก็บตก),4,2,โรงเรียนสาธิต,วิทย์-คณิต,2.00 - 2.50,ภาษาอังกฤษ,สังคมศึกษา,ข้าราชการ,"30,000 - 70,000 บาท","10,000 - 30,000 บาท",4,เคย
"3/4/2021, 15:47:12",,หญิง,19,ถูกบังคับให้ออก(โดนรีไทร์),คณะวิทยาศาสตร์,รับตรงร่วมกัน,4,3,โรงเรียนสาธิต,วิทย์-คณิต,2.51 - 3.00,ภาษาอังกฤษ,คณิตศาสตร์,ข้าราชการ,"30,000 - 70,000 บาท","10,000 - 30,000 บาท",2,ไม่เคย
"3/4/2021, 15:47:47",,ชาย,22,ลาออกด้วยความสมัครใจ(ซิ่ว),คณะศึกษาศาสตร์,Admission,4,3,โรงเรียนเอกชน,วิทย์-คณิต,3.01 - 3.50,สังคมศึกษา,อื่นๆ,เกษตรกร,"น้อยกว่า 30,000 บาท","น้อยกว่า 10,000 บาท",5,เคย
"3/4/2021, 15:48:15",,หญิง,22,ถูกบังคับให้ออก(โดนรีไทร์),คณะรัฐศาสตร์,รับตรงร่วมกัน,4,3,โรงเรียนสาธิต,วิทย์-คณิต,2.00 - 2.50,ภาษาอังกฤษ,คณิตศาสตร์,ข้าราชการ,"30,000 - 70,000 บาท","10,000 - 30,000 บาท",2,ไม่เคย
"3/4/2021, 15:48:42",,หญิง,20,ลาออกด้วยความสมัครใจ(ซิ่ว),คณะแพทยศาสตร์,Admission,4,5,โรงเรียนสาธิต,ศิลป์,2.51 - 3.00,คณิตศาสตร์,ศิลปะ,ข้าราชการ,"30,000 - 70,000 บาท","น้อยกว่า 10,000 บาท",2,ไม่เคย
"3/4/2021, 15:49:11",,หญิง,20,ลาออกด้วยความสมัครใจ(ซิ่ว),คณะสถาปัตยกรรมศาสตร์,Admission,4,3,โรงเรียนรัฐบาล,วิทย์-คณิต,2.51 - 3.00,คณิตศาสตร์,ภาษาอังกฤษ,พนักงานบริษัท,"น้อยกว่า 30,000 บาท","น้อยกว่า 10,000 บาท",4,ไม่เคย
"3/4/2021, 15:50:44",,เพศทางเลือก,21,ถูกบังคับให้ออก(โดนรีไทร์),คณะบริหารธุรกิจและการบัญชี,รับตรงร่วมกัน,4,3,โรงเรียนสาธิต,วิทย์-คณิต,2.51 - 3.00,ภาษาอังกฤษ,คณิตศาสตร์,ข้าราชการ,"30,000 - 70,000 บาท","10,000 - 30,000 บาท",3,ไม่เคย
"3/4/2021, 15:52:23",,หญิง,20,ถูกบังคับให้ออก(โดนรีไทร์),คณะวิทยาศาสตร์,รับตรงร่วมกัน,4,3,โรงเรียนสาธิต,วิทย์-คณิต,2.51 - 3.00,สังคมศึกษา,ศิลปะ,พนักงานบริษัท,"30,000 - 70,000 บาท","10,000 - 30,000 บาท",2,ไม่เคย
"8/4/2021, 21:00:12",,หญิง,18,ไม่เคย,คณะเศรษฐศาสตร์,รับตรงร่วมกัน,5,5,โรงเรียนเอกชน,วิทย์-คณิต,> 3.50,คณิตศาสตร์,ภาษาอังกฤษ,ธุรกิจส่วนตัว,"มากกว่า 70,000 บาท","10,000 - 30,000 บาท",3,ไม่เคย
"8/4/2021, 21:19:16",,หญิง,19,ไม่เคย,คณะเศรษฐศาสตร์,Admission,4,4,โรงเรียนรัฐบาล,ศิลป์,> 3.50,คณิตศาสตร์,ภาษาอังกฤษ,พนักงานบริษัท,"30,000 - 70,000 บาท","น้อยกว่า 10,000 บาท",2,ไม่เคย